policy_id,date_of_Purchase,customer_id,fuel,vehicle_segment,premium,bodily_injury_liability,personal_injury_protection,property_damage_liability,collision,comprehensive,customer_gender,customer_income_group,customer_region,customer_marital_status
12345,16-Jan-18,400,CNG,A,958,0,0,0,1,1,Male,0- $25K,North,0
12346,01-Apr-18,401,CNG,A,1272,1,0,0,0,1,Male,$25-$70K,South,1
12347,01-Jul-18,402,CNG,A,2150,0,1,1,1,0,Male,>$70K,East,0
12348,01-Jul-18,403,CNG,A,2123,1,0,1,1,1,Male,$25-$70K,West,1
12349,01-Jan-18,404,CNG,A,1110,1,1,1,1,1,Male,$25-$70K,North,1
12350,22-Jan-18,405,CNG,A,1571,0,0,1,0,0,Male,$25-$70K,North,0
12351,19-Jan-18,406,CNG,A,1030,1,1,1,1,0,Male,$25-$70K,North,0
12352,23-Jan-18,407,CNG,A,587,1,1,1,0,0,Male,$25-$70K,North,0
12353,01-Jan-18,408,CNG,A,2175,0,0,1,0,1,Male,$25-$70K,North,1
12354,20-Jan-18,409,CNG,A,1725,0,0,0,1,0,Male,$25-$70K,North,0
12355,28-Jan-18,410,CNG,A,1805,0,1,0,1,0,Male,$25-$70K,North,1
12356,17-Jan-18,411,CNG,A,1552,1,1,0,0,1,Male,$25-$70K,North,0
12357,29-Jan-18,412,CNG,A,1888,0,1,1,1,1,Male,$25-$70K,North,0
12358,18-Jan-18,413,CNG,A,1355,1,0,0,1,0,Male,$25-$70K,North,0
12359,19-Jan-18,414,CNG,A,2356,0,0,0,0,1,Male,$25-$70K,North,1
12360,01-Jun-18,415,CNG,A,2102,1,0,0,1,0,Male,$25-$70K,North,0
12361,27-Jan-18,416,CNG,A,1258,1,1,1,1,1,Male,$25-$70K,North,1
12362,21-Jan-18,417,CNG,A,2326,0,1,0,1,1,Male,$25-$70K,North,0
12363,24-Jan-18,418,CNG,A,584,1,1,1,1,0,Male,$25-$70K,North,0
12364,01-Aug-18,419,CNG,A,2397,1,1,1,1,0,Male,$25-$70K,North,0
12365,23-Jan-18,422,CNG,A,1493,1,0,0,0,0,Male,$25-$70K,North,1
12366,01-Feb-18,422,CNG,A,661,0,1,1,0,0,Male,$25-$70K,North,0
12367,01-Mar-18,421,CNG,A,685,1,1,0,1,0,Male,$25-$70K,North,0
12368,01-Aug-18,421,CNG,A,1006,1,1,1,1,1,Male,$25-$70K,North,1
12369,16-Jan-18,421,CNG,A,1160,1,0,0,1,1,Male,$25-$70K,North,0
12370,25-Jan-18,421,CNG,A,1602,0,0,0,1,1,Male,$25-$70K,North,1
12371,25-Jan-18,422,CNG,A,2355,0,1,1,1,1,Male,$25-$70K,North,0
12372,01-May-18,422,CNG,A,1921,1,1,1,0,1,Male,$25-$70K,North,1
12373,21-Jan-18,425,CNG,A,2200,0,1,0,1,1,Male,$25-$70K,North,0
12374,27-Jan-18,425,CNG,A,2357,0,1,1,1,1,Male,$25-$70K,North,1
12375,22-Jan-18,425,CNG,A,1047,0,1,0,1,0,Male,$25-$70K,North,1
840,01-Apr-18,425,CNG,A,2089,0,1,0,1,0,Male,$25-$70K,North,0
12377,15-Jan-18,425,CNG,A,1780,0,0,0,1,1,Male,$25-$70K,North,0
12378,26-Jan-18,425,CNG,A,1035,1,0,1,0,0,Male,$25-$70K,North,0
12379,29-Jan-18,425,CNG,A,526,1,1,1,0,1,Male,$25-$70K,North,0
12380,20-Jan-18,426,CNG,A,1827,0,0,1,1,0,Male,$25-$70K,North,1
12381,24-Jan-18,426,CNG,A,2003,1,1,0,1,0,Male,$25-$70K,North,1
12382,01-Aug-18,426,CNG,A,1960,0,1,1,1,1,Male,$25-$70K,North,0
12383,01-Mar-18,426,CNG,A,1197,0,1,0,1,0,Male,$25-$70K,North,1
12384,21-Jan-18,426,CNG,A,614,0,1,0,0,1,Male,$25-$70K,North,0
12385,01-Sep-18,426,CNG,A,568,1,1,1,0,0,Male,$25-$70K,North,0
12386,01-Dec-18,427,CNG,A,2149,1,0,1,1,1,Male,$25-$70K,North,1
12387,27-Jan-18,427,CNG,A,1797,1,0,1,0,1,Male,$25-$70K,North,1
12388,14-Jan-18,427,CNG,A,1246,1,0,0,0,0,Male,$25-$70K,North,0
12389,24-Jan-18,427,CNG,A,1295,1,1,0,0,0,Male,$25-$70K,North,1
12390,21-Jan-18,427,CNG,A,642,0,0,1,0,1,Male,$25-$70K,North,1
12391,01-Jun-18,427,CNG,A,1979,1,1,1,1,1,Male,$25-$70K,North,0
12392,13-Jan-18,428,CNG,A,2327,0,0,1,1,1,Male,$25-$70K,North,0
12393,01-May-18,428,CNG,A,1025,1,0,0,0,1,Male,$25-$70K,North,1
12394,23-Jan-18,428,CNG,A,529,0,0,0,0,1,Male,$25-$70K,North,1
12395,16-Jan-18,428,CNG,A,2072,0,0,1,0,0,Male,$25-$70K,North,0
12396,18-Jan-18,428,CNG,A,2103,0,0,0,1,0,Male,$25-$70K,North,0
12397,15-Jan-18,428,CNG,A,1929,0,1,0,0,1,Male,$25-$70K,North,1
12398,13-Jan-18,428,CNG,A,2143,1,0,1,1,1,Male,$25-$70K,North,0
12399,01-Nov-18,4289,CNG,A,2132,0,0,0,1,0,Male,$25-$70K,North,0
12400,13-Jan-18,4289,CNG,A,1459,1,0,0,0,0,Male,$25-$70K,North,1
12401,17-Jan-18,4289,CNG,A,1831,1,1,0,0,0,Male,$25-$70K,North,0
12402,30-Jan-18,4289,CNG,A,1171,1,1,1,0,0,Male,$25-$70K,North,1
12403,01-Oct-18,4289,CNG,A,1692,1,0,1,1,0,Male,$25-$70K,North,0
12404,01-Nov-18,429,CNG,A,1262,0,1,1,0,1,Male,$25-$70K,North,1
12405,23-Jan-18,429,CNG,A,2451,0,1,0,0,0,Male,$25-$70K,North,0
12406,01-Mar-18,429,CNG,A,1906,0,0,1,1,1,Male,$25-$70K,North,0
12407,24-Jan-18,429,CNG,A,2095,1,0,1,1,0,Male,$25-$70K,North,1
12408,20-Jan-18,429,CNG,A,1597,1,0,0,1,0,Male,$25-$70K,North,1
12409,15-Jan-18,429,CNG,A,2362,1,1,0,1,0,Male,$25-$70K,North,0
12410,17-Jan-18,430,CNG,A,1612,1,1,0,1,0,Male,$25-$70K,North,1
12411,19-Jan-18,430,CNG,A,711,0,0,0,1,1,Male,$25-$70K,North,1
12412,29-Jan-18,432,CNG,A,1771,1,0,1,0,1,Male,$25-$70K,North,1
12413,20-Jan-18,432,CNG,A,1301,0,1,0,0,1,Male,$25-$70K,North,0
12414,16-Jan-18,436,CNG,A,2411,1,1,0,0,1,Male,$25-$70K,North,0
12415,01-Oct-18,436,CNG,A,1065,0,1,0,0,1,Male,$25-$70K,North,1
12416,13-Jan-18,436,CNG,A,2393,1,1,1,1,0,Male,$25-$70K,North,0
12417,01-May-18,436,CNG,A,1837,1,1,1,0,0,Male,$25-$70K,North,0
12418,01-Jan-18,436,CNG,A,1598,0,0,1,0,0,Male,$25-$70K,North,1
12419,30-Jan-18,436,CNG,A,1072,1,0,1,0,1,Male,$25-$70K,North,0
12436,25-Jan-18,436,CNG,A,591,0,0,1,0,0,Male,$25-$70K,North,0
12421,18-Jan-18,437,CNG,A,1617,1,1,1,0,1,Male,$25-$70K,North,1
12422,01-Apr-18,437,CNG,A,1174,1,0,1,1,0,Male,$25-$70K,North,0
12423,28-Jan-18,437,CNG,A,2241,1,1,1,0,1,Male,$25-$70K,North,0
12424,31-Jan-18,437,CNG,A,2248,1,1,0,1,1,Male,$25-$70K,North,0
12425,27-Jan-18,437,CNG,A,2121,1,1,0,0,1,Male,$25-$70K,North,0
12426,25-Jan-18,439,CNG,A,1994,0,0,0,0,1,Male,$25-$70K,North,0
12427,01-Jan-18,439,CNG,A,2442,1,1,0,0,0,Male,$25-$70K,North,0
12428,23-Jan-18,439,CNG,A,1763,0,1,1,0,0,Male,$25-$70K,North,1
12429,28-Jan-18,439,CNG,A,1494,0,0,0,1,1,Male,$25-$70K,North,0
12430,01-Mar-18,439,CNG,A,2039,1,0,1,1,0,Male,$25-$70K,North,0
12431,27-Jan-18,440,CNG,A,898,1,0,0,0,0,Male,$25-$70K,North,1
12432,01-Dec-18,440,CNG,A,823,0,0,1,1,0,Male,$25-$70K,North,0
12433,01-Nov-18,440,CNG,A,1144,0,1,0,0,0,Male,$25-$70K,North,0
12434,23-Jan-18,440,CNG,A,1051,0,0,1,0,0,Male,$25-$70K,North,1
12435,01-Oct-18,440,CNG,A,1212,0,0,1,0,0,Male,$25-$70K,North,1
12436,13-Jan-18,441,CNG,A,1829,0,1,1,0,0,Male,$25-$70K,North,1
12437,15-Jan-18,441,CNG,A,1548,0,0,0,1,0,Male,$25-$70K,North,0
12438,01-Jun-18,441,CNG,A,1663,1,1,0,1,1,Male,$25-$70K,North,1
12439,23-Jan-18,441,CNG,A,1313,0,0,0,1,1,Male,$25-$70K,North,0
12440,01-Apr-18,441,CNG,A,1915,1,1,1,0,0,Male,$25-$70K,North,0
12441,01-Aug-18,442,CNG,A,1888,0,0,0,1,1,Male,$25-$70K,North,1
12442,19-Jan-18,442,CNG,A,694,1,1,1,0,0,Male,$25-$70K,North,0
12443,01-May-18,442,CNG,A,637,0,0,1,1,0,Male,$25-$70K,North,0
12444,02-Oct-18,442,CNG,A,1959,1,1,0,0,1,Male,$25-$70K,North,1
12445,02-Aug-18,443,CNG,A,1673,0,1,1,1,1,Male,$25-$70K,North,0
12446,02-Jan-18,443,CNG,A,934,1,0,1,0,1,Male,$25-$70K,North,1
12447,23-Feb-18,443,CNG,A,2391,1,0,0,1,0,Male,$25-$70K,North,0
12448,20-Feb-18,444,CNG,A,2246,1,0,0,1,0,Male,$25-$70K,North,0
12449,02-Mar-18,444,CNG,A,1328,0,1,1,0,0,Male,$25-$70K,North,0
12450,13-Feb-18,444,CNG,A,2455,1,1,1,1,1,Male,$25-$70K,North,0
12451,25-Feb-18,444,CNG,A,1611,0,1,0,1,0,Male,$25-$70K,North,0
12452,02-Mar-18,444,CNG,A,2256,1,0,0,1,0,Male,$25-$70K,North,1
12453,26-Feb-18,445,CNG,A,1284,0,0,0,0,0,Male,$25-$70K,North,1
12454,02-May-18,445,CNG,A,2067,1,1,0,1,0,Male,$25-$70K,North,0
12455,02-Nov-18,445,CNG,A,1477,1,0,0,1,0,Male,$25-$70K,North,1
12456,18-Feb-18,446,CNG,A,865,0,0,0,0,1,Male,$25-$70K,North,1
12457,02-Jan-18,446,CNG,A,1662,0,0,0,1,1,Male,$25-$70K,North,1
12458,02-Mar-18,446,CNG,A,1870,0,0,0,0,0,Male,$25-$70K,North,1
12459,02-May-18,448,CNG,A,626,1,1,1,1,0,Male,$25-$70K,North,1
12460,02-Nov-18,448,CNG,A,1658,1,0,1,1,0,Male,$25-$70K,North,0
12461,16-Feb-18,448,CNG,A,1168,0,1,0,1,1,Male,$25-$70K,North,0
12462,02-Feb-18,447,CNG,A,1083,0,0,1,1,0,Male,$25-$70K,North,0
12463,02-Jun-18,447,CNG,A,2253,0,1,0,1,0,Male,$25-$70K,North,0
12464,02-May-18,447,CNG,A,708,1,1,1,0,1,Male,$25-$70K,North,0
12465,14-Feb-18,449,CNG,A,2254,1,1,0,1,0,Male,$25-$70K,North,0
12466,15-Feb-18,449,CNG,A,1092,0,1,0,0,1,Male,$25-$70K,North,0
12467,26-Feb-18,449,CNG,A,778,1,0,0,0,1,Male,$25-$70K,North,1
12468,15-Feb-18,4420,CNG,A,1041,0,0,1,1,1,Male,$25-$70K,North,0
12469,02-Mar-18,4420,CNG,A,2310,0,0,1,1,0,Male,$25-$70K,North,0
12470,25-Feb-18,4420,CNG,A,2339,1,1,1,1,0,Male,$25-$70K,North,1
12471,02-Dec-18,4424,CNG,A,2218,0,0,1,0,1,Male,$25-$70K,North,0
12472,02-Nov-18,4424,CNG,A,1628,1,1,0,0,1,Male,$25-$70K,North,0
12473,16-Feb-18,4424,CNG,A,850,1,0,1,1,0,Male,$25-$70K,North,1
12474,14-Feb-18,450,CNG,A,618,0,1,0,1,1,Male,$25-$70K,North,0
12475,22-Feb-18,450,CNG,A,2128,0,0,0,1,0,Male,$25-$70K,North,1
12476,16-Feb-18,451,CNG,A,1213,1,0,0,1,1,Male,$25-$70K,North,1
12477,02-Apr-18,451,CNG,A,749,1,0,1,0,1,Male,$25-$70K,North,0
12478,14-Feb-18,451,CNG,A,2456,0,0,1,0,1,Male,$25-$70K,North,0
12479,02-Aug-18,456,CNG,A,1231,0,1,0,1,0,Male,$25-$70K,North,1
12480,27-Feb-18,456,CNG,A,510,0,1,0,0,1,Male,$25-$70K,North,1
12481,14-Feb-18,452,CNG,A,2376,0,1,1,0,1,Male,$25-$70K,North,1
12482,27-Feb-18,452,CNG,A,1746,1,1,0,1,0,Male,$25-$70K,North,0
12483,21-Feb-18,452,CNG,A,1533,0,0,0,0,1,Male,$25-$70K,North,0
12484,19-Feb-18,453,CNG,A,901,1,1,1,0,0,Male,$25-$70K,North,0
12485,02-Apr-18,453,CNG,A,2021,0,0,1,1,0,Male,$25-$70K,North,1
12486,22-Feb-18,453,CNG,A,1570,0,0,0,0,1,Male,$25-$70K,North,1
12487,19-Feb-18,456,CNG,A,2338,0,0,1,1,0,Male,$25-$70K,North,1
12488,02-Oct-18,456,CNG,A,1065,0,0,1,0,1,Male,$25-$70K,North,0
12489,14-Feb-18,456,CNG,A,2227,0,1,0,0,0,Male,$25-$70K,North,1
12490,16-Feb-18,456,CNG,A,1721,1,0,0,0,0,Male,$25-$70K,North,1
12491,02-May-18,456,CNG,A,1914,0,0,1,1,0,Male,$25-$70K,North,1
12492,02-Oct-18,456,CNG,A,1149,0,0,0,0,0,Male,$25-$70K,North,0
12493,20-Feb-18,457,CNG,A,2033,0,0,1,1,1,Male,$25-$70K,North,0
12494,22-Feb-18,457,CNG,A,2025,0,0,0,1,0,Male,$25-$70K,North,1
12495,02-Dec-18,457,CNG,A,743,1,0,1,0,0,Male,$25-$70K,North,1
12496,18-Feb-18,459,CNG,A,1044,1,0,1,0,1,Male,$25-$70K,North,0
12497,25-Feb-18,459,CNG,A,1404,1,0,1,0,0,Male,$25-$70K,North,0
12498,22-Feb-18,459,CNG,A,1569,1,1,1,0,0,Male,$25-$70K,North,0
12499,02-Jan-18,456,CNG,A,1477,1,0,1,0,1,Male,$25-$70K,North,0
12500,17-Feb-18,456,CNG,A,1464,1,1,0,1,1,Male,$25-$70K,North,0
12501,20-Feb-18,456,CNG,A,2487,1,1,0,0,1,Male,$25-$70K,North,0
12502,15-Feb-18,460,CNG,A,2205,0,1,1,1,0,Male,$25-$70K,North,0
12503,02-Jun-18,460,CNG,A,2148,0,0,1,0,1,Male,$25-$70K,North,1
12504,25-Feb-18,460,CNG,A,2006,1,1,0,1,0,Male,$25-$70K,North,1
12505,27-Feb-18,460,CNG,A,2168,1,1,0,0,1,Male,$25-$70K,North,1
12506,02-Feb-18,461,CNG,A,1574,0,1,1,0,0,Male,$25-$70K,North,1
12507,02-Feb-18,461,CNG,A,1764,1,0,0,1,1,Male,$25-$70K,North,1
12508,02-Jun-18,461,CNG,A,2484,1,1,1,1,0,Male,$25-$70K,North,0
12509,02-Jun-18,462,CNG,A,640,1,0,1,1,0,Male,$25-$70K,North,0
12510,02-Dec-18,462,CNG,A,663,0,0,1,1,0,Male,$25-$70K,North,0
12511,22-Feb-18,462,CNG,A,1504,0,0,0,0,0,Male,$25-$70K,North,1
12512,17-Feb-18,463,CNG,A,1908,0,1,0,1,1,Male,$25-$70K,North,0
12513,02-Aug-18,463,CNG,A,519,0,0,0,0,1,Male,$25-$70K,North,1
12514,02-May-18,463,CNG,A,1475,1,1,1,1,0,Male,$25-$70K,North,1
12515,27-Feb-18,464,CNG,A,1663,1,0,1,1,0,Male,$25-$70K,North,0
12516,14-Feb-18,464,CNG,A,1179,0,1,0,0,0,Male,$25-$70K,North,1
12517,17-Feb-18,464,CNG,A,898,0,1,1,0,1,Male,$25-$70K,North,1
12518,02-Aug-18,464,CNG,A,641,1,0,1,1,0,Male,$25-$70K,North,1
12519,24-Feb-18,464,CNG,A,1002,0,0,1,0,0,Male,$25-$70K,North,0
12520,25-Feb-18,465,CNG,A,2253,1,0,1,1,1,Male,$25-$70K,North,0
12521,02-Oct-18,465,CNG,A,1100,1,0,0,1,1,Male,$25-$70K,North,1
12522,19-Feb-18,465,CNG,A,2316,0,1,1,1,1,Male,$25-$70K,North,0
12523,14-Feb-18,467,CNG,A,2387,1,0,1,1,1,Male,$25-$70K,North,1
12524,21-Feb-18,467,CNG,A,2193,0,1,0,1,0,Male,$25-$70K,North,1
12525,22-Feb-18,467,CNG,A,2484,1,0,0,0,1,Male,$25-$70K,North,0
12526,24-Feb-18,468,CNG,A,1835,0,0,1,1,1,Male,$25-$70K,North,1
12527,13-Feb-18,468,CNG,A,2310,0,0,1,1,0,Male,$25-$70K,North,1
12528,02-Jun-18,468,CNG,A,545,1,1,0,0,0,Male,$25-$70K,North,0
12529,21-Feb-18,469,CNG,A,1924,1,0,0,1,1,Male,$25-$70K,North,1
12530,02-Dec-18,469,CNG,A,615,1,1,1,0,0,Male,$25-$70K,North,0
12531,02-Feb-18,469,CNG,A,727,1,1,1,0,1,Male,$25-$70K,North,0
12532,02-Oct-18,470,CNG,A,685,0,1,0,1,1,Male,$25-$70K,North,1
12533,02-Feb-18,470,CNG,A,2390,0,0,1,1,1,Male,$25-$70K,North,0
12534,24-Feb-18,470,CNG,A,709,1,0,1,0,1,Male,$25-$70K,North,0
12535,27-Feb-18,471,CNG,A,910,0,1,1,0,0,Male,$25-$70K,North,0
12536,19-Feb-18,471,CNG,A,1030,0,1,1,0,0,Male,$25-$70K,North,1
12537,16-Feb-18,471,CNG,A,1538,1,0,1,1,1,Male,$25-$70K,North,1
12538,17-Feb-18,472,CNG,A,600,0,1,1,0,0,Male,$25-$70K,North,0
12539,21-Feb-18,472,CNG,A,540,1,1,0,0,1,Male,$25-$70K,North,1
12540,16-Feb-18,472,CNG,A,997,1,1,1,0,0,Male,$25-$70K,North,1
12541,02-Nov-18,473,CNG,A,2086,0,0,0,1,1,Male,$25-$70K,North,1
12542,15-Feb-18,473,CNG,A,2491,1,0,0,1,0,Male,$25-$70K,North,1
12543,22-Feb-18,473,CNG,A,651,1,1,1,0,1,Male,$25-$70K,North,1
12544,23-Feb-18,474,CNG,A,1359,1,1,1,1,0,Male,$25-$70K,North,1
12545,22-Mar-18,474,CNG,A,1109,1,0,1,0,1,Male,$25-$70K,North,1
12546,23-Mar-18,474,CNG,A,2347,1,1,1,1,0,Male,$25-$70K,North,1
12547,18-Mar-18,475,CNG,A,966,0,0,1,1,1,Male,$25-$70K,North,1
12548,03-Jul-18,475,CNG,A,935,0,1,0,1,0,Male,$25-$70K,North,1
12549,27-Mar-18,475,CNG,A,2191,0,1,0,0,0,Male,$25-$70K,North,1
12550,18-Mar-18,476,CNG,A,1245,0,1,0,1,0,Male,$25-$70K,North,1
12551,03-May-18,476,CNG,A,2448,0,0,1,1,0,Male,$25-$70K,North,1
12552,29-Mar-18,476,CNG,A,525,0,1,1,0,1,Male,$25-$70K,North,0
12553,03-Feb-18,477,CNG,A,1214,1,0,0,1,1,Male,$25-$70K,North,1
12554,03-Oct-18,477,CNG,A,836,1,1,0,1,0,Male,$25-$70K,North,1
12555,03-Mar-18,477,CNG,A,525,1,1,0,0,0,Male,$25-$70K,North,0
12556,27-Mar-18,478,CNG,A,1640,0,1,0,0,0,Male,$25-$70K,North,0
12557,03-Feb-18,478,CNG,A,554,1,0,0,0,0,Male,$25-$70K,North,1
12558,20-Mar-18,478,CNG,A,599,0,1,1,1,0,Male,$25-$70K,North,0
12559,30-Mar-18,479,CNG,A,1269,1,1,1,1,0,Male,$25-$70K,North,1
12560,24-Mar-18,479,CNG,A,838,1,0,0,1,1,Male,$25-$70K,North,1
12561,18-Mar-18,479,CNG,A,745,1,0,1,0,1,Male,$25-$70K,North,0
12562,28-Mar-18,480,CNG,A,1349,1,0,1,1,0,Male,$25-$70K,North,1
12563,22-Mar-18,480,CNG,A,646,1,0,0,1,0,Male,$25-$70K,North,0
12564,03-Jan-18,480,CNG,A,1322,1,1,1,1,0,Male,$25-$70K,North,0
12565,30-Mar-18,480,CNG,A,1050,0,0,1,0,0,Male,$25-$70K,North,1
12566,23-Mar-18,480,CNG,A,2114,0,1,0,0,0,Male,$25-$70K,North,1
12567,23-Mar-18,480,CNG,A,1674,0,0,1,1,1,Male,$25-$70K,North,1
12568,30-Mar-18,481,CNG,A,690,1,1,1,1,0,Male,$25-$70K,North,0
12569,23-Mar-18,481,CNG,A,1679,1,0,1,0,0,Male,$25-$70K,North,0
12570,03-Oct-18,481,CNG,A,1634,1,0,1,1,1,Male,$25-$70K,North,0
12571,18-Mar-18,482,CNG,A,1241,1,1,1,0,1,Male,$25-$70K,North,1
12572,03-Nov-18,482,CNG,A,774,1,1,1,0,0,Male,$25-$70K,North,0
12573,15-Mar-18,482,CNG,A,1049,1,0,1,1,0,Male,$25-$70K,North,0
12574,03-May-18,483,CNG,A,697,0,0,0,1,1,Male,$25-$70K,North,0
12575,03-Oct-18,483,CNG,A,653,0,1,0,0,0,Male,$25-$70K,North,1
12576,03-Oct-18,483,CNG,A,1908,1,0,0,1,0,Male,$25-$70K,North,0
12577,14-Mar-18,484,CNG,A,2445,0,0,1,0,1,Male,$25-$70K,North,1
12578,21-Mar-18,484,CNG,A,613,1,0,1,0,1,Male,$25-$70K,North,0
12579,21-Mar-18,484,CNG,A,1560,1,0,1,1,1,Male,$25-$70K,North,1
12580,22-Mar-18,485,CNG,A,1651,0,1,0,0,1,Male,$25-$70K,North,1
12581,03-Mar-18,485,CNG,A,2490,1,1,1,0,1,Male,$25-$70K,North,1
12582,03-Oct-18,485,CNG,A,1669,0,0,1,0,0,Male,$25-$70K,North,1
12583,03-Sep-18,4866,CNG,A,1774,1,0,1,0,0,Male,$25-$70K,North,0
12584,28-Mar-18,4866,CNG,A,1556,1,0,1,1,0,Male,$25-$70K,North,0
12585,03-Aug-18,4866,CNG,A,890,1,1,1,0,0,Male,$25-$70K,North,1
12586,03-Sep-18,487,CNG,A,1169,0,0,0,1,1,Male,$25-$70K,North,0
12587,20-Mar-18,487,CNG,A,1479,0,0,1,1,1,Male,$25-$70K,North,0
12588,25-Mar-18,487,CNG,A,1103,0,0,0,0,1,Male,$25-$70K,North,0
12589,25-Mar-18,488,CNG,A,1747,1,1,1,1,0,Male,$25-$70K,North,1
12590,22-Mar-18,488,CNG,A,2047,1,1,1,0,0,Male,$25-$70K,North,1
12591,03-Aug-18,488,CNG,A,878,1,1,1,1,0,Male,$25-$70K,North,1
12592,25-Mar-18,489,CNG,A,2073,1,1,0,1,0,Male,$25-$70K,North,0
12593,03-Apr-18,489,CNG,A,519,0,1,1,0,0,Male,$25-$70K,North,0
12594,21-Mar-18,489,CNG,A,1215,1,1,0,0,0,Male,$25-$70K,North,0
12595,25-Mar-18,490,CNG,A,1821,0,1,1,0,0,Male,$25-$70K,North,0
12596,26-Dec-18,490,CNG,A,598,1,0,1,1,0,Male,$25-$70K,North,1
12597,12-Oct-18,490,CNG,A,1768,0,0,0,1,0,Male,$25-$70K,North,1
12598,12-Oct-18,491,CNG,A,1821,1,0,0,1,0,Male,$25-$70K,North,1
12599,27-Dec-18,491,CNG,A,2093,0,0,1,0,0,Male,$25-$70K,North,0
12600,12-Jan-18,491,CNG,A,727,0,1,1,0,1,Male,$25-$70K,North,1
12601,23-Dec-18,492,CNG,A,2038,1,1,0,0,0,Male,$25-$70K,North,1
12602,26-Dec-18,492,CNG,A,1830,1,1,0,1,0,Male,$25-$70K,North,0
12603,25-Dec-18,492,CNG,A,1607,0,1,0,1,0,Male,$25-$70K,North,0
12604,12-Jun-18,494,CNG,A,1591,1,0,0,1,1,Male,$25-$70K,North,0
12605,20-Dec-18,494,CNG,A,856,1,1,0,0,1,Male,$25-$70K,North,1
12606,25-Dec-18,494,CNG,A,2135,1,0,0,1,1,Male,$25-$70K,North,0
12607,30-Dec-18,497,CNG,A,854,1,1,0,0,0,Male,$25-$70K,North,0
12608,12-Jul-18,497,CNG,A,2202,1,0,1,0,1,Male,$25-$70K,North,0
12609,12-Jan-18,497,CNG,A,1282,0,0,1,1,1,Male,$25-$70K,North,0
12610,12-Jan-18,500,CNG,A,1975,1,1,0,1,0,Male,$25-$70K,North,0
12611,12-Dec-18,500,CNG,A,1390,1,0,1,0,1,Male,$25-$70K,North,0
12612,19-Dec-18,500,CNG,A,642,0,1,1,0,0,Male,$25-$70K,North,0
12613,12-Sep-18,480,CNG,A,1453,1,0,0,0,1,Male,$25-$70K,North,0
12614,12-Nov-18,480,CNG,A,2031,0,0,0,1,1,Male,$25-$70K,North,1
12615,12-Jun-18,480,CNG,A,2212,1,0,0,1,0,Male,$25-$70K,North,1
12616,12-Mar-18,481,CNG,A,902,0,0,1,1,1,Male,$25-$70K,North,0
12617,28-Dec-18,481,CNG,A,2365,0,1,1,0,1,Male,$25-$70K,North,1
12618,25-Dec-18,481,CNG,A,733,1,1,1,0,0,Male,$25-$70K,North,1
12619,12-Sep-18,482,CNG,A,2266,1,1,0,0,1,Male,$25-$70K,North,0
12620,17-Mar-18,482,CNG,A,2373,1,1,0,1,0,Male,$25-$70K,North,1
12621,03-Mar-18,482,CNG,A,776,1,0,0,0,0,Male,$25-$70K,North,0
12622,28-Mar-18,483,CNG,A,1729,1,1,0,0,0,Male,$25-$70K,North,0
12623,30-Mar-18,483,CNG,A,2437,0,1,1,1,1,Male,$25-$70K,North,1
12624,26-Mar-18,484,CNG,A,1173,0,0,0,0,1,Male,$25-$70K,North,0
12625,03-Jan-18,484,CNG,A,751,0,1,1,1,1,Male,$25-$70K,North,1
12626,21-Mar-18,484,CNG,A,2499,1,1,0,0,0,Male,$25-$70K,North,0
12627,23-Mar-18,485,CNG,A,2292,1,0,0,0,0,Male,$25-$70K,North,0
12628,03-Aug-18,485,CNG,A,1359,0,0,1,0,1,Male,$25-$70K,North,0
12629,03-Aug-18,485,CNG,A,613,0,0,1,0,0,Male,$25-$70K,North,1
12630,26-Mar-18,486,CNG,A,694,1,1,1,1,0,Male,$25-$70K,North,1
12631,21-Mar-18,486,CNG,A,585,1,0,1,0,0,Male,$25-$70K,North,1
12632,03-Jan-18,486,CNG,A,1965,0,1,0,0,0,Male,$25-$70K,North,0
12633,03-Oct-18,487,CNG,A,1414,0,0,0,0,0,Male,$25-$70K,North,1
12634,16-Mar-18,487,CNG,A,1015,0,0,1,0,0,Male,$25-$70K,North,0
12635,28-Mar-18,488,CNG,A,1074,0,0,1,0,0,Male,$25-$70K,North,0
12636,24-Mar-18,488,CNG,A,1583,1,1,0,0,1,Male,$25-$70K,North,1
12637,03-Nov-18,488,CNG,A,873,0,0,0,0,0,Male,$25-$70K,North,0
12638,03-Mar-18,489,CNG,A,1650,0,1,0,1,1,Male,$25-$70K,North,1
12639,24-Mar-18,489,CNG,A,2104,1,1,1,1,0,Male,$25-$70K,North,1
12640,16-Mar-18,489,CNG,A,1328,0,0,1,1,1,Male,$25-$70K,North,1
12641,20-Mar-18,490,CNG,A,2390,1,0,0,0,0,Male,$25-$70K,North,1
12642,03-Nov-18,490,CNG,A,948,0,0,1,0,0,Male,$25-$70K,North,1
12643,03-Jun-18,490,CNG,A,1116,1,1,1,0,0,Male,$25-$70K,North,1
12644,03-Feb-18,490,CNG,A,1101,1,0,0,1,1,Male,$25-$70K,North,0
12645,24-Apr-18,490,CNG,A,1302,1,1,0,1,1,Male,$25-$70K,North,0
12646,04-Apr-18,490,CNG,A,1895,0,1,0,1,1,Male,$25-$70K,North,0
12647,24-Apr-18,491,CNG,A,1601,0,1,0,0,0,Male,$25-$70K,North,1
12648,24-Apr-18,491,CNG,A,1110,1,0,1,0,1,Male,$25-$70K,North,0
12649,04-Jun-18,491,CNG,A,2049,1,0,1,0,1,Male,$25-$70K,North,0
12650,17-Apr-18,492,CNG,A,598,1,0,0,1,0,Male,$25-$70K,North,1
12651,28-Apr-18,492,CNG,A,1023,0,1,0,0,1,Male,$25-$70K,North,1
12652,04-Dec-18,492,CNG,A,1638,1,1,0,1,1,Male,$25-$70K,North,0
12653,04-Nov-18,493,CNG,A,2076,1,1,0,0,1,Male,$25-$70K,North,1
12654,25-Apr-18,493,CNG,A,738,0,1,1,1,0,Male,$25-$70K,North,1
12655,13-Apr-18,493,CNG,A,1869,0,0,1,0,0,Male,$25-$70K,North,1
12656,22-Apr-18,494,CNG,A,2455,1,0,0,1,1,Male,$25-$70K,North,0
12657,04-Jun-18,494,CNG,A,1506,0,0,1,1,0,Male,$25-$70K,North,1
12658,19-Apr-18,494,CNG,A,1615,1,0,0,1,0,Male,$25-$70K,North,0
12659,23-Apr-18,495,CNG,A,2399,1,0,0,1,0,Male,$25-$70K,North,1
12660,16-Apr-18,495,CNG,A,761,0,1,0,0,0,Male,$25-$70K,North,1
12661,19-Apr-18,495,CNG,A,1553,1,0,0,1,1,Male,$25-$70K,North,1
12662,19-Apr-18,496,CNG,A,1873,0,1,1,0,0,Male,$25-$70K,North,1
12663,24-Apr-18,496,CNG,A,2190,0,1,1,1,1,Male,$25-$70K,North,0
12664,22-Apr-18,496,CNG,A,1150,1,0,0,0,0,Male,$25-$70K,North,1
12665,04-Jun-18,497,CNG,A,2495,1,1,1,1,1,Male,$25-$70K,North,1
12666,04-Oct-18,497,CNG,A,1211,1,0,1,1,0,Male,$25-$70K,North,1
12667,22-Apr-18,497,CNG,A,1944,0,0,0,0,0,Male,$25-$70K,North,0
12668,04-Jun-18,498,CNG,A,795,0,1,1,0,1,Male,$25-$70K,North,0
12669,23-Apr-18,498,CNG,A,1726,0,1,1,1,1,Male,$25-$70K,North,1
12670,26-Apr-18,498,CNG,A,1412,1,0,0,1,1,Male,$25-$70K,North,1
12671,19-Apr-18,498,CNG,A,681,1,0,1,1,0,Male,$25-$70K,North,0
12672,04-Aug-18,498,CNG,A,1428,1,1,0,0,0,Male,$25-$70K,North,0
12673,04-Aug-18,498,CNG,A,1891,1,0,0,1,1,Male,$25-$70K,North,0
12674,04-Nov-18,498,CNG,A,621,1,1,0,0,1,Male,$25-$70K,North,0
12675,04-Dec-18,499,CNG,A,1475,0,0,0,1,0,Male,$25-$70K,North,1
12676,29-Apr-18,499,CNG,A,2205,0,1,0,1,1,Male,$25-$70K,North,1
12677,25-Apr-18,499,CNG,A,555,1,0,0,1,0,Male,$25-$70K,North,0
12678,18-Apr-18,550,CNG,A,2437,0,1,0,1,1,Male,$25-$70K,North,1
12679,26-Apr-18,550,CNG,A,1837,0,0,1,1,1,Male,$25-$70K,North,0
12680,04-May-18,550,CNG,A,1798,1,0,1,0,1,Male,$25-$70K,North,1
12681,28-Apr-18,551,CNG,A,1759,0,0,0,1,0,Male,$25-$70K,North,0
12682,04-Jul-18,551,CNG,A,2125,0,0,1,0,0,Male,$25-$70K,North,1
12683,04-Jan-18,551,CNG,A,1429,0,1,0,1,1,Male,$25-$70K,North,0
12684,27-Apr-18,552,CNG,A,548,1,0,1,1,1,Male,$25-$70K,North,1
12685,04-Jul-18,552,CNG,A,2081,1,1,1,0,0,Male,$25-$70K,North,1
12686,17-Apr-18,552,CNG,A,940,1,0,0,0,1,Male,$25-$70K,North,0
12687,20-Apr-18,553,CNG,A,1835,1,1,1,0,1,Male,$25-$70K,North,1
12688,14-Apr-18,553,CNG,A,744,1,0,0,0,1,Male,$25-$70K,North,1
12689,15-Apr-18,553,CNG,A,1193,0,0,1,0,1,Male,$25-$70K,North,0
12690,04-May-18,554,CNG,A,1328,0,0,0,0,1,Male,$25-$70K,North,1
12691,04-Oct-18,554,CNG,A,1752,1,1,1,1,1,Male,$25-$70K,North,0
12692,23-Apr-18,554,CNG,A,614,1,0,0,1,1,Male,$25-$70K,North,1
12693,28-Apr-18,555,CNG,A,644,0,0,1,0,1,Male,$25-$70K,North,0
12694,04-Mar-18,420,CNG,A,2362,0,1,1,0,0,Male,$25-$70K,North,1
12695,21-Apr-18,420,CNG,A,1450,1,0,0,0,0,Male,$25-$70K,North,1
12696,04-Feb-18,420,CNG,A,2032,0,1,1,0,0,Male,$25-$70K,North,1
12697,04-Dec-18,420,CNG,A,516,0,0,0,0,0,Male,$25-$70K,North,1
12698,30-Apr-18,420,CNG,A,513,0,1,1,0,0,Male,$25-$70K,North,1
12699,25-Apr-18,420,CNG,A,677,1,1,1,1,1,Male,$25-$70K,North,0
12700,23-Apr-18,755,CNG,A,2050,1,0,0,1,1,Male,$25-$70K,North,0
12701,04-Oct-18,756,CNG,A,785,0,1,0,1,0,Male,$25-$70K,North,1
12702,04-Dec-18,757,CNG,A,1770,1,1,0,0,1,Male,$25-$70K,North,0
12703,04-Mar-18,758,CNG,A,2437,0,0,1,0,1,Male,$25-$70K,North,0
12704,14-Apr-18,759,CNG,A,595,0,0,1,1,0,Male,$25-$70K,North,0
12705,17-Apr-18,760,CNG,A,1868,1,1,0,1,0,Male,$25-$70K,North,1
12706,04-Jan-18,761,CNG,A,1300,0,1,0,0,1,Male,$25-$70K,North,0
12707,26-Apr-18,762,CNG,A,1830,0,0,1,1,0,Male,$25-$70K,North,0
12708,04-Apr-18,763,CNG,A,1893,0,1,1,1,0,Male,$25-$70K,South,1
12709,29-Apr-18,764,CNG,A,1256,0,1,1,0,0,Male,$25-$70K,South,0
12710,29-Apr-18,765,CNG,A,839,1,0,0,1,0,Male,$25-$70K,South,0
12711,16-Apr-18,766,CNG,A,1954,0,0,0,1,0,Male,$25-$70K,South,0
12712,04-Dec-18,767,CNG,A,2001,1,1,0,0,0,Male,$25-$70K,South,1
12713,04-Apr-18,768,CNG,A,1375,1,1,1,1,1,Male,$25-$70K,South,1
12714,25-Apr-18,769,CNG,A,1134,0,0,0,0,1,Male,$25-$70K,South,1
12715,25-Apr-18,770,CNG,A,2239,0,0,0,0,0,Male,$25-$70K,South,0
12716,15-Apr-18,771,CNG,A,2445,1,0,0,1,0,Male,$25-$70K,South,0
12717,13-Apr-18,772,CNG,A,1095,0,0,0,0,1,Male,$25-$70K,South,1
12718,30-Apr-18,773,CNG,A,2326,1,0,1,0,0,Male,$25-$70K,South,0
12719,04-Jun-18,774,CNG,A,1169,0,0,0,1,0,Male,$25-$70K,South,1
12720,22-Apr-18,775,CNG,A,1186,1,0,0,0,1,Male,$25-$70K,South,1
12721,04-Nov-18,776,CNG,A,1362,0,1,0,0,0,Male,$25-$70K,South,0
12722,28-Apr-18,777,CNG,A,1091,0,1,0,1,0,Male,$25-$70K,South,0
12723,17-Apr-18,778,CNG,A,1133,0,0,0,1,0,Male,$25-$70K,South,0
12724,22-Apr-18,779,CNG,A,1657,1,1,0,1,0,Male,$25-$70K,South,1
12725,17-Apr-18,780,CNG,A,1265,0,0,0,0,0,Male,$25-$70K,South,0
12726,14-Apr-18,781,CNG,A,2162,1,0,0,0,0,Male,$25-$70K,South,1
12727,28-Apr-18,782,CNG,A,1675,0,1,1,1,0,Male,$25-$70K,South,0
12728,04-Aug-18,783,CNG,A,1066,1,1,1,0,1,Male,$25-$70K,South,0
12729,04-Jun-18,784,CNG,A,1008,1,0,0,1,1,Male,$25-$70K,South,0
12730,14-Apr-18,785,CNG,A,508,0,0,1,1,0,Male,$25-$70K,South,1
12731,25-Apr-18,786,CNG,A,708,1,0,0,1,0,Male,$25-$70K,South,1
12732,04-Oct-18,787,CNG,A,2129,1,1,1,1,1,Male,$25-$70K,South,0
12733,04-Dec-18,788,CNG,A,1633,0,1,0,1,1,Male,$25-$70K,South,0
12734,04-Jul-18,789,CNG,A,954,1,1,1,0,0,Male,$25-$70K,South,0
12735,04-Jun-18,790,CNG,A,1413,1,1,1,1,0,Male,$25-$70K,South,0
12736,18-Apr-18,791,CNG,A,1674,0,0,1,0,1,Male,$25-$70K,South,1
12737,04-Mar-18,792,CNG,A,2246,1,1,0,0,1,Male,$25-$70K,South,1
12738,23-Apr-18,793,CNG,A,1700,0,1,0,1,1,Male,$25-$70K,South,1
12739,04-Jul-18,794,CNG,A,782,1,1,1,1,1,Male,$25-$70K,South,1
12740,04-May-18,795,CNG,A,2069,0,0,1,0,1,Male,$25-$70K,South,1
12741,04-Feb-18,796,CNG,A,1932,1,1,1,0,0,Male,$25-$70K,South,1
12742,23-Apr-18,797,CNG,A,1389,1,1,0,1,0,Male,$25-$70K,South,1
12743,04-May-18,798,CNG,A,1378,0,0,0,1,1,Male,$25-$70K,South,0
12744,24-Apr-18,799,CNG,A,1142,1,1,1,0,0,Male,$25-$70K,South,1
12745,04-Nov-18,800,CNG,A,1305,1,1,0,1,0,Male,$25-$70K,South,0
12746,27-Apr-18,801,CNG,A,790,1,0,1,1,1,Male,$25-$70K,South,1
12747,30-Apr-18,802,CNG,A,811,0,1,1,0,0,Male,$25-$70K,South,1
12748,26-Apr-18,803,CNG,A,1860,0,1,0,1,1,Male,$25-$70K,South,0
12749,04-Jun-18,804,CNG,A,1858,0,1,0,0,0,Male,$25-$70K,South,0
12750,16-Apr-18,805,CNG,A,1981,1,0,1,1,1,Male,$25-$70K,South,1
12751,04-Nov-18,806,CNG,A,1654,0,1,0,0,0,Male,$25-$70K,South,0
12752,19-Apr-18,807,CNG,A,2449,0,1,1,0,1,Male,$25-$70K,South,0
12753,13-Apr-18,808,CNG,A,2087,1,1,0,0,0,Male,$25-$70K,South,0
12754,29-Apr-18,809,CNG,A,1815,0,1,0,1,1,Male,$25-$70K,South,0
12755,26-Apr-18,810,CNG,A,781,1,1,1,1,1,Male,$25-$70K,South,1
12756,04-May-18,811,CNG,A,2428,1,0,0,0,0,Male,$25-$70K,South,0
12757,27-Apr-18,812,CNG,A,587,0,1,1,1,0,Male,$25-$70K,South,1
12758,04-Feb-18,813,CNG,A,1897,1,0,1,1,0,Male,$25-$70K,South,1
12759,29-Apr-18,814,CNG,A,517,0,1,0,1,1,Male,$25-$70K,South,0
12760,04-Feb-18,815,CNG,A,1705,0,1,1,1,0,Male,$25-$70K,South,0
12761,04-Jul-18,816,CNG,A,912,1,0,1,1,0,Male,$25-$70K,South,1
12762,04-Feb-18,817,CNG,A,2204,1,1,1,0,0,Male,$25-$70K,South,0
12763,04-Feb-18,818,CNG,A,2207,0,1,1,0,0,Male,$25-$70K,South,0
12764,23-Apr-18,819,CNG,A,1943,0,0,1,1,0,Male,$25-$70K,South,1
12765,29-Apr-18,820,CNG,A,1625,0,1,1,1,0,Male,$25-$70K,South,0
12766,30-Apr-18,821,CNG,A,762,1,0,1,1,0,Male,$25-$70K,South,0
12767,13-Apr-18,822,CNG,A,1595,0,0,0,1,0,Male,$25-$70K,South,1
12768,27-Apr-18,823,CNG,A,625,0,0,0,0,0,Male,$25-$70K,South,1
12769,04-Sep-18,824,CNG,A,1484,0,0,0,0,0,Male,$25-$70K,South,0
12770,30-Apr-18,825,CNG,A,1604,1,1,1,0,1,Male,$25-$70K,South,0
12771,04-Aug-18,826,CNG,A,1046,0,0,1,1,1,Male,$25-$70K,South,0
12772,04-Jun-18,827,CNG,A,694,0,0,1,0,1,Male,$25-$70K,South,0
12773,17-Apr-18,828,CNG,A,1248,1,1,1,0,1,Male,$25-$70K,South,0
12774,04-Feb-18,829,CNG,A,2111,1,0,1,0,1,Male,$25-$70K,South,0
12775,04-Apr-18,830,CNG,A,1648,0,1,1,1,1,Male,$25-$70K,South,1
12776,21-Apr-18,831,CNG,A,630,0,0,0,0,0,Male,$25-$70K,South,1
12777,19-Apr-18,832,CNG,A,1829,0,0,0,0,0,Male,$25-$70K,South,0
12778,21-Apr-18,833,CNG,A,2113,0,0,0,0,0,Male,$25-$70K,South,0
12779,18-Apr-18,834,CNG,A,734,1,1,0,1,0,Male,$25-$70K,South,1
12780,04-Aug-18,835,CNG,A,2177,1,0,1,0,1,Male,$25-$70K,South,0
12781,04-Jul-18,836,CNG,A,1923,0,0,1,0,1,Male,$25-$70K,South,0
12782,18-Apr-18,837,CNG,A,1340,0,1,0,0,1,Male,$25-$70K,South,0
12783,15-Apr-18,838,CNG,A,1282,1,0,0,1,0,Male,$25-$70K,South,0
12784,04-May-18,839,CNG,A,2479,1,1,0,1,1,Male,$25-$70K,South,1
12785,04-Nov-18,840,CNG,A,1206,0,1,1,1,0,Male,$25-$70K,South,0
12786,23-Apr-18,840,CNG,A,1116,1,0,0,0,1,Male,$25-$70K,South,0
12787,24-Apr-18,840,CNG,A,1845,0,1,0,1,0,Male,$25-$70K,South,0
12788,16-Apr-18,840,CNG,A,600,0,1,0,0,1,Male,$25-$70K,South,1
12789,04-Jan-18,840,CNG,A,812,1,1,1,0,0,Male,$25-$70K,South,1
12790,26-Apr-18,840,CNG,A,2278,1,1,0,1,0,Male,$25-$70K,South,0
12791,04-May-18,840,CNG,A,1488,1,0,1,0,0,Male,$25-$70K,South,0
12792,28-Apr-18,840,CNG,A,1445,0,1,0,0,1,Male,$25-$70K,South,0
12793,15-Apr-18,840,CNG,A,1677,1,0,0,0,0,Male,$25-$70K,South,0
12794,04-Jul-18,840,CNG,A,2143,0,0,0,0,1,Male,$25-$70K,South,0
12795,04-Sep-18,840,CNG,A,1124,0,1,1,1,0,Male,$25-$70K,South,1
12796,29-Apr-18,840,CNG,A,2076,1,0,0,0,1,Male,$25-$70K,South,0
12797,20-Apr-18,840,CNG,A,614,0,0,0,0,1,Male,$25-$70K,South,0
12798,22-Apr-18,840,CNG,A,854,1,0,1,0,1,Male,$25-$70K,South,0
12799,22-Apr-18,840,CNG,A,861,1,0,0,0,0,Male,$25-$70K,South,0
12800,17-Apr-18,840,CNG,A,2323,1,0,0,1,0,Male,$25-$70K,South,1
12801,29-Apr-18,840,CNG,A,508,0,0,0,1,1,Male,$25-$70K,South,0
12802,04-Dec-18,840,CNG,A,1484,1,0,1,1,0,Male,$25-$70K,South,0
12803,21-Apr-18,840,CNG,A,1273,0,1,1,0,0,Male,$25-$70K,South,0
12804,15-Apr-18,840,CNG,A,796,0,1,0,1,0,Male,$25-$70K,South,0
12805,26-Apr-18,840,CNG,A,681,0,1,1,1,0,Male,$25-$70K,South,0
12806,04-Mar-18,840,CNG,A,1639,1,1,1,1,1,Male,$25-$70K,South,1
12807,15-Apr-18,840,CNG,A,791,0,0,1,1,1,Male,$25-$70K,South,0
12808,04-Jun-18,840,CNG,A,845,1,1,1,0,1,Male,>$70K,South,1
12809,04-Aug-18,840,CNG,A,920,0,1,0,1,0,Male,>$70K,South,1
12810,25-Apr-18,840,CNG,A,2123,0,0,0,1,1,Male,>$70K,South,1
12811,04-Jul-18,840,CNG,A,1973,1,0,0,0,0,Male,>$70K,South,0
12812,16-Apr-18,840,CNG,A,2234,0,0,1,1,1,Male,>$70K,South,0
12813,14-Apr-18,840,CNG,A,1988,0,0,0,0,0,Male,>$70K,South,1
12814,16-Apr-18,840,CNG,A,2366,1,1,0,0,0,Male,>$70K,South,1
12815,15-Apr-18,840,CNG,A,1773,1,0,1,0,0,Male,>$70K,South,1
12816,04-Sep-18,840,CNG,A,1017,1,0,1,0,0,Male,>$70K,South,0
12817,04-Aug-18,840,CNG,A,1008,1,1,1,0,1,Male,>$70K,South,0
12818,21-Apr-18,840,CNG,A,1088,1,0,0,1,1,Male,>$70K,South,1
12819,04-Aug-18,840,CNG,A,923,1,0,1,0,1,Male,>$70K,South,0
12820,04-May-18,840,CNG,A,813,1,0,1,0,1,Male,>$70K,South,1
12821,18-Apr-18,840,CNG,A,1982,1,1,1,1,1,Male,>$70K,South,1
12822,20-Apr-18,840,CNG,A,549,1,1,0,1,1,Male,>$70K,South,1
12823,22-Apr-18,840,CNG,A,1389,0,0,1,0,1,Male,>$70K,South,1
12824,19-Apr-18,840,CNG,A,2268,0,0,0,1,1,Male,>$70K,South,1
12825,21-Apr-18,840,CNG,A,770,1,1,0,0,1,Male,>$70K,South,1
12826,26-Apr-18,840,CNG,A,887,1,0,1,1,0,Male,>$70K,South,0
12827,17-Apr-18,840,CNG,A,1758,1,0,1,1,0,Male,>$70K,South,1
12828,04-Dec-18,840,CNG,A,1018,1,0,1,0,1,Male,>$70K,South,0
12829,04-Sep-18,840,CNG,A,2162,1,1,0,1,0,Male,>$70K,South,0
12830,21-Apr-18,840,CNG,A,860,0,1,1,1,1,Male,>$70K,South,0
12831,24-Apr-18,840,CNG,A,1319,0,1,1,0,0,Male,>$70K,South,1
12832,04-Aug-18,840,CNG,A,1918,1,1,1,1,0,Male,>$70K,South,0
12833,04-Apr-18,840,CNG,A,732,0,1,1,1,0,Male,>$70K,South,1
12834,04-Jan-18,840,CNG,A,1019,1,1,0,1,0,Male,>$70K,South,1
12835,26-Apr-18,840,CNG,A,2415,0,1,1,0,0,Male,>$70K,South,1
12836,18-Apr-18,840,CNG,A,1538,1,0,1,1,0,Male,>$70K,South,0
12837,20-Apr-18,840,CNG,A,2279,1,0,1,1,0,Male,>$70K,South,1
12838,26-Apr-18,840,CNG,A,2218,0,0,0,0,0,Male,>$70K,South,0
12839,20-Apr-18,840,CNG,A,1653,1,0,1,0,0,Male,>$70K,South,0
12840,04-Sep-18,840,CNG,A,2436,1,1,1,0,1,Male,>$70K,South,0
12841,19-Apr-18,840,CNG,A,1673,0,0,0,1,0,Male,>$70K,South,1
12842,04-Mar-18,840,CNG,A,2332,0,0,0,1,1,Male,>$70K,South,0
12843,19-Apr-18,840,CNG,A,959,0,0,1,0,1,Male,>$70K,South,0
12844,27-Apr-18,840,CNG,A,837,1,0,0,1,1,Male,>$70K,South,0
12845,05-Feb-18,840,CNG,A,2434,0,0,1,1,0,Male,>$70K,South,0
12846,05-Aug-18,840,CNG,A,1778,1,1,0,1,1,Male,>$70K,South,1
12847,27-May-18,840,CNG,A,2417,0,0,1,1,1,Male,>$70K,South,1
12848,05-Jul-18,840,CNG,A,1775,1,1,0,0,0,Male,>$70K,South,1
12849,27-May-18,840,CNG,A,1210,0,1,0,1,0,Male,>$70K,South,0
12850,27-May-18,840,CNG,A,568,0,1,1,1,1,Male,>$70K,South,1
12851,22-May-18,840,CNG,A,724,1,0,1,1,0,Male,>$70K,South,0
12852,05-Feb-18,840,CNG,A,1760,1,1,1,1,1,Male,>$70K,South,0
12853,13-May-18,840,CNG,A,1345,1,1,1,1,0,Male,>$70K,South,1
12854,05-May-18,840,CNG,A,2094,1,1,0,0,0,Male,>$70K,South,0
12855,25-May-18,840,CNG,A,2241,1,1,1,0,0,Male,>$70K,South,0
12856,05-Mar-18,840,CNG,A,1488,1,1,0,1,1,Male,>$70K,South,0
12857,28-May-18,840,CNG,A,1028,1,1,1,1,1,Male,>$70K,South,1
12858,05-Sep-18,840,CNG,A,1252,0,0,1,1,0,Male,>$70K,South,0
12859,05-Oct-18,840,CNG,A,2445,0,0,1,0,0,Male,>$70K,South,1
12860,05-Nov-18,840,CNG,A,1525,1,0,1,1,0,Male,>$70K,South,1
12861,05-Oct-18,840,CNG,A,1157,1,0,0,1,0,Male,>$70K,South,1
12862,22-May-18,840,CNG,A,902,1,0,0,1,0,Male,>$70K,South,0
12863,05-Jan-18,840,CNG,A,2082,0,0,0,1,0,Male,>$70K,South,0
12864,22-May-18,840,CNG,A,1723,1,1,0,1,1,Male,>$70K,South,0
12865,05-Jun-18,840,CNG,A,1532,0,0,1,1,1,Male,>$70K,South,1
12866,14-May-18,840,CNG,A,972,0,0,1,0,0,Male,>$70K,South,0
12867,05-May-18,840,CNG,A,1089,0,1,0,1,1,Male,>$70K,South,1
12868,05-Nov-18,840,CNG,A,2400,1,1,1,1,1,Male,>$70K,South,0
12869,22-May-18,840,CNG,A,1667,1,1,1,1,0,Male,>$70K,South,0
12870,30-May-18,840,CNG,A,908,1,1,0,1,1,Male,>$70K,South,0
12871,05-Oct-18,840,CNG,A,1719,1,0,1,0,1,Male,>$70K,South,1
12872,24-May-18,840,CNG,A,1148,0,1,1,0,0,Male,>$70K,South,1
12873,15-May-18,840,CNG,A,1412,0,1,0,0,1,Male,>$70K,South,0
12874,05-Jun-18,840,CNG,A,1291,1,0,0,1,0,Male,>$70K,South,0
12875,05-Jun-18,840,CNG,A,1211,1,0,1,1,1,Male,>$70K,South,0
12876,05-Jul-18,840,CNG,A,995,1,0,1,1,0,Male,>$70K,South,0
12877,30-May-18,840,CNG,A,724,1,1,1,1,0,Male,>$70K,South,1
12878,05-Feb-18,840,CNG,A,1177,1,0,0,1,1,Male,>$70K,South,1
12879,05-Dec-18,840,CNG,A,2403,0,0,0,1,0,Male,>$70K,South,1
12880,05-Sep-18,840,CNG,A,1134,0,1,0,0,0,Male,>$70K,South,1
12881,13-May-18,840,CNG,A,2419,1,1,1,1,0,Male,>$70K,South,1
12882,20-May-18,840,CNG,A,1049,0,1,1,1,1,Male,>$70K,South,0
12883,05-Jun-18,840,CNG,A,1123,0,1,0,0,0,Male,>$70K,South,1
12884,05-Feb-18,840,CNG,A,1571,1,0,1,0,1,Male,>$70K,South,1
12885,17-May-18,840,CNG,A,1540,1,0,1,0,1,Male,>$70K,South,1
12886,15-May-18,840,CNG,A,2154,1,1,0,1,1,Male,>$70K,South,1
12887,05-Dec-18,840,CNG,A,1188,1,1,1,0,1,Male,>$70K,South,1
12888,05-Jul-18,840,CNG,A,2465,1,1,1,0,0,Male,>$70K,South,1
12889,05-Aug-18,840,CNG,A,1972,0,0,0,0,1,Male,>$70K,South,0
12890,21-May-18,840,CNG,A,947,0,1,1,0,0,Male,>$70K,South,0
12891,14-May-18,840,CNG,A,2032,0,1,0,1,1,Male,>$70K,South,1
12892,05-Dec-18,840,CNG,A,1409,0,1,1,0,1,Male,>$70K,South,1
12893,05-Feb-18,840,CNG,A,1353,0,1,0,1,1,Male,>$70K,South,1
12894,05-Nov-18,840,CNG,A,2449,1,1,0,1,0,Male,>$70K,South,0
12895,30-May-18,840,CNG,A,1602,1,0,1,0,1,Male,>$70K,South,0
12896,19-May-18,840,CNG,A,1400,0,0,1,0,1,Male,>$70K,South,0
12897,29-May-18,840,CNG,A,915,0,0,1,1,1,Male,>$70K,South,1
12898,05-Feb-18,840,CNG,A,601,0,0,1,1,1,Male,>$70K,South,1
12899,05-Sep-18,840,CNG,A,1898,1,0,0,0,0,Male,>$70K,South,1
12900,14-May-18,840,CNG,A,1852,1,1,0,1,1,Male,>$70K,South,0
12901,16-May-18,840,CNG,A,686,1,0,0,1,1,Male,>$70K,South,1
12902,29-May-18,840,CNG,A,1914,0,1,1,0,1,Male,>$70K,South,1
12903,05-Jun-18,840,CNG,A,689,0,1,1,0,1,Male,>$70K,South,0
12904,14-May-18,840,CNG,A,776,1,1,0,1,0,Male,>$70K,South,1
12905,15-May-18,840,CNG,A,1399,0,0,1,0,1,Male,>$70K,South,0
12906,05-Jul-18,840,CNG,A,2344,0,0,1,0,1,Male,>$70K,South,1
12907,24-May-18,840,CNG,A,1010,1,1,1,1,1,Male,>$70K,South,1
12908,27-May-18,840,CNG,A,1988,0,1,0,1,1,Male,>$70K,South,0
12909,05-May-18,840,CNG,A,634,0,1,1,0,0,Male,>$70K,South,0
12910,05-Dec-18,840,CNG,A,2100,0,0,1,1,0,Male,>$70K,South,0
12911,15-May-18,840,CNG,A,635,1,1,0,0,1,Male,>$70K,South,1
12912,05-Nov-18,840,CNG,A,1829,1,1,1,1,0,Male,>$70K,South,1
12913,17-May-18,840,CNG,A,582,1,0,0,1,1,Male,>$70K,South,0
12914,30-May-18,840,CNG,A,1884,1,0,0,0,0,Male,>$70K,South,0
12915,26-May-18,840,CNG,A,2203,0,1,1,0,0,Male,>$70K,South,0
12916,19-May-18,840,CNG,A,946,1,0,0,1,0,Male,>$70K,South,1
12917,05-Feb-18,840,CNG,A,716,0,1,1,1,1,Male,>$70K,South,1
12918,13-May-18,840,CNG,A,1625,0,1,0,1,1,Male,>$70K,South,0
12919,05-Nov-18,840,CNG,A,837,0,0,0,1,0,Male,>$70K,South,1
12920,19-May-18,840,CNG,A,2469,1,1,1,0,1,Male,>$70K,South,0
12921,17-May-18,840,CNG,A,1162,0,0,1,0,1,Male,>$70K,South,0
12922,16-May-18,840,CNG,A,1565,0,0,1,1,0,Male,>$70K,South,1
12923,18-May-18,840,CNG,A,2313,1,0,0,1,0,Male,>$70K,South,0
12924,05-Dec-18,840,CNG,A,741,1,0,0,1,1,Male,>$70K,South,1
12925,05-Jul-18,840,CNG,A,1845,1,0,1,0,0,Male,>$70K,South,0
12926,21-May-18,840,CNG,A,1325,0,1,1,0,1,Male,>$70K,South,1
12927,21-May-18,840,CNG,A,1570,1,1,1,0,1,Male,>$70K,South,0
12928,17-May-18,840,CNG,A,2209,0,0,1,1,1,Male,>$70K,South,0
12929,24-May-18,840,CNG,A,538,0,1,0,1,0,Male,>$70K,South,0
12930,21-May-18,840,CNG,A,1895,1,1,1,1,1,Male,>$70K,South,0
12931,30-May-18,840,CNG,A,2182,0,1,0,1,1,Male,>$70K,South,0
12932,23-May-18,840,CNG,A,1483,1,1,0,0,1,Male,>$70K,South,0
12933,05-May-18,840,CNG,A,1241,1,0,1,1,0,Male,>$70K,South,0
12934,25-May-18,840,CNG,A,1256,0,0,1,0,0,Male,>$70K,South,0
12935,17-May-18,840,CNG,A,2340,0,0,0,1,0,Male,>$70K,South,0
12936,23-May-18,840,CNG,A,2365,0,1,1,0,0,Male,>$70K,South,0
12937,26-May-18,840,CNG,A,651,1,1,0,0,0,Male,>$70K,South,1
12938,30-May-18,840,CNG,A,2141,0,1,0,0,1,Male,>$70K,South,1
12939,25-May-18,840,CNG,A,1358,0,1,1,1,1,Male,>$70K,South,1
12940,16-May-18,995,CNG,A,2094,1,0,0,0,0,Male,>$70K,South,0
12941,18-May-18,996,CNG,A,1962,0,1,1,1,0,Male,>$70K,South,1
12942,30-May-18,997,CNG,A,2055,1,0,1,0,0,Male,>$70K,South,1
12943,22-May-18,998,CNG,A,1542,1,0,1,1,1,Male,>$70K,South,0
12944,19-May-18,999,CNG,A,1339,0,1,1,1,0,Male,>$70K,South,0
12945,21-Jun-18,1000,CNG,A,2284,1,0,1,0,1,Male,>$70K,South,1
12946,29-Jun-18,1001,CNG,A,1340,1,1,1,1,1,Male,>$70K,South,1
12947,06-Dec-18,1002,CNG,A,2041,0,0,0,0,1,Male,>$70K,South,1
12948,06-Sep-18,1003,CNG,A,861,1,0,0,1,0,Male,>$70K,South,1
12949,22-Jun-18,1004,CNG,B,1047,1,1,0,0,0,Male,>$70K,South,0
12950,14-Jun-18,1005,CNG,B,2001,1,0,0,0,0,Male,>$70K,South,0
12951,26-Jun-18,1006,CNG,B,1327,0,0,0,0,1,Male,>$70K,South,0
12952,21-Jun-18,1007,CNG,B,2367,0,0,1,0,1,Male,>$70K,South,1
12953,27-Jun-18,1008,CNG,B,1829,1,0,0,1,0,Male,>$70K,South,0
12954,06-Sep-18,1009,CNG,B,1744,0,0,1,1,1,Male,>$70K,South,1
12955,06-Jun-18,1010,CNG,B,878,0,1,0,0,0,Male,>$70K,South,1
12956,06-Nov-18,1011,Petrol,B,641,0,0,0,1,1,Male,>$70K,South,1
12957,26-Jun-18,1012,Petrol,B,1096,1,1,1,1,1,Male,>$70K,South,1
12958,21-Jun-18,1013,Petrol,B,1761,1,0,0,1,1,Male,>$70K,South,0
12959,15-Jun-18,1014,Petrol,B,875,1,0,0,1,1,Male,>$70K,South,0
12960,06-Jan-18,1015,Petrol,B,698,0,1,0,0,0,Male,>$70K,South,0
12961,30-Jun-18,1016,Petrol,B,1251,1,1,0,0,0,Male,>$70K,South,1
12962,17-Jun-18,1017,Petrol,B,1500,1,1,0,0,1,Male,>$70K,South,1
12963,30-Jun-18,1018,Petrol,B,2422,1,0,1,0,1,Male,>$70K,South,1
12964,22-Jun-18,1019,Petrol,B,1197,1,0,1,1,1,Male,>$70K,South,1
12965,06-Jan-18,1020,Petrol,B,1507,1,1,1,0,1,Male,>$70K,South,0
12966,28-Jun-18,1021,Petrol,B,609,0,0,1,0,1,Male,>$70K,South,1
12967,25-Jun-18,1022,Petrol,B,1339,1,0,1,0,1,Male,>$70K,South,0
12968,06-Jul-18,1023,Petrol,B,1730,0,0,1,0,0,Male,>$70K,South,0
12969,06-Jan-18,1024,Petrol,B,2164,1,1,1,1,1,Male,>$70K,South,1
12970,23-Jun-18,1025,Petrol,B,1791,0,0,1,0,1,Male,>$70K,South,0
12971,18-Jun-18,1026,Petrol,B,759,1,1,1,0,0,Male,>$70K,South,1
12972,14-Jun-18,1027,Petrol,B,1199,1,0,0,1,0,Male,>$70K,South,0
12973,28-Jun-18,1028,Petrol,B,1214,1,1,1,1,1,Male,>$70K,South,1
12974,13-Jun-18,1029,Petrol,B,2104,1,0,1,0,1,Male,>$70K,South,1
12975,06-Sep-18,1030,Petrol,B,538,1,0,1,0,1,Male,>$70K,South,1
12976,27-Jun-18,1031,Petrol,B,1951,0,0,1,0,0,Male,>$70K,South,0
12977,18-Jun-18,1032,Petrol,B,804,0,1,1,0,1,Male,>$70K,South,0
12978,06-Aug-18,1033,Petrol,B,1778,1,0,1,0,0,Male,>$70K,South,0
12979,22-Jun-18,1034,Petrol,B,1368,0,0,0,0,1,Male,>$70K,South,0
12980,21-Jun-18,1035,Petrol,B,1744,0,1,1,1,1,Male,>$70K,South,0
12981,06-Oct-18,1036,Petrol,B,844,1,0,0,0,1,Male,>$70K,South,1
12982,06-Dec-18,1037,Petrol,B,1769,1,1,1,1,1,Male,>$70K,South,1
12983,06-Feb-18,1038,Petrol,B,873,1,1,1,1,0,Male,>$70K,South,0
12984,06-Jul-18,1039,Petrol,B,2088,1,1,0,0,1,Male,>$70K,South,1
12985,06-Apr-18,1040,Petrol,B,520,0,1,0,1,0,Male,>$70K,South,1
12986,06-Dec-18,1041,Petrol,B,1642,1,1,0,1,1,Male,>$70K,South,1
12987,26-Jun-18,1042,Petrol,B,1261,1,1,1,0,1,Male,>$70K,South,0
12988,24-Jun-18,1043,Petrol,B,2266,0,0,1,1,0,Male,$25-$70K,South,1
12989,27-Jun-18,1044,Petrol,B,2302,0,0,1,1,1,Male,$25-$70K,South,0
12990,06-Jul-18,1045,Petrol,B,2191,0,1,1,0,1,Male,$25-$70K,South,0
12991,29-Jun-18,1046,Petrol,B,620,1,0,0,1,0,Male,$25-$70K,South,1
12992,06-Oct-18,1047,Petrol,B,874,1,1,1,0,1,Male,$25-$70K,South,1
12993,18-Jun-18,1048,Petrol,B,1217,1,0,1,0,1,Male,$25-$70K,South,1
12994,14-Jun-18,1049,Petrol,B,586,0,1,0,1,0,Male,$25-$70K,South,0
12995,19-Jun-18,1050,Petrol,B,972,0,1,1,0,1,Male,$25-$70K,South,0
12996,17-Jun-18,1051,Petrol,B,958,1,1,0,1,0,Male,$25-$70K,South,0
12997,16-Jun-18,1052,Petrol,B,1971,1,1,0,1,0,Male,$25-$70K,South,1
12998,06-Apr-18,1053,Petrol,B,1225,1,1,1,0,0,Male,$25-$70K,South,0
12999,25-Jun-18,1054,Petrol,B,1789,0,1,1,0,1,Male,$25-$70K,South,1
13000,29-Jun-18,1055,Petrol,B,523,0,1,0,1,1,Male,$25-$70K,South,1
13001,23-Jun-18,1056,Petrol,B,1548,1,1,1,1,1,Male,$25-$70K,South,1
13002,06-Jun-18,1057,Petrol,B,1524,0,0,1,0,0,Male,$25-$70K,South,0
13003,18-Jun-18,1058,Petrol,B,752,1,0,1,0,1,Male,$25-$70K,South,1
13004,06-Jul-18,1059,Petrol,B,1787,0,1,1,0,0,Male,$25-$70K,South,0
13005,06-Feb-18,1060,Petrol,B,1416,1,0,0,1,1,Male,$25-$70K,South,1
13006,16-Jun-18,1061,Petrol,B,1685,1,0,0,1,1,Male,$25-$70K,South,1
13007,15-Jun-18,1062,Petrol,B,920,0,0,0,0,0,Male,$25-$70K,South,0
13008,24-Jun-18,1063,Petrol,B,1976,1,1,1,0,1,Male,$25-$70K,South,1
13009,06-Nov-18,1064,Petrol,B,2353,1,1,1,1,0,Male,$25-$70K,South,1
13010,19-Jun-18,1065,Petrol,B,1045,1,0,1,1,0,Male,$25-$70K,South,0
13011,14-Jun-18,1066,Petrol,B,1998,1,0,1,0,0,Male,$25-$70K,South,0
13012,06-Mar-18,1067,Petrol,B,593,0,0,1,0,1,Male,$25-$70K,South,0
13013,06-Jun-18,1068,Petrol,B,1994,1,1,0,1,0,Male,$25-$70K,South,0
13014,13-Jun-18,1069,Petrol,B,1595,0,0,0,0,1,Male,$25-$70K,South,0
13015,22-Jun-18,1070,Petrol,B,2181,0,1,0,1,0,Male,$25-$70K,South,0
13016,16-Jun-18,1071,Petrol,B,2403,0,0,1,1,0,Male,$25-$70K,South,0
13017,06-Aug-18,1072,Petrol,B,1918,1,0,0,1,0,Male,$25-$70K,South,0
13018,06-Nov-18,1073,Petrol,B,1651,0,1,1,0,1,Male,$25-$70K,South,0
13019,28-Jun-18,1074,Petrol,B,541,1,1,1,0,0,Male,$25-$70K,South,1
13020,30-Jun-18,1075,Petrol,B,1164,1,1,0,0,0,Male,$25-$70K,South,1
13021,16-Jun-18,1076,Petrol,B,2289,0,1,0,0,0,Male,$25-$70K,South,1
13022,06-Nov-18,1077,Petrol,B,1519,0,1,1,0,1,Male,$25-$70K,South,1
13023,06-May-18,1078,Petrol,B,1840,1,0,1,1,1,Male,$25-$70K,South,0
13024,20-Jun-18,1079,Petrol,B,1798,0,0,0,0,1,Male,$25-$70K,South,1
13025,15-Jun-18,1080,Petrol,B,933,0,0,1,1,0,Male,$25-$70K,South,0
13026,27-Jun-18,1081,Petrol,B,2291,0,0,0,1,1,Male,$25-$70K,South,1
13027,28-Jun-18,1082,Petrol,B,648,1,0,0,1,0,Male,$25-$70K,South,0
13028,26-Jun-18,1083,Petrol,B,1933,1,0,1,0,0,Male,$25-$70K,South,0
13029,29-Jun-18,1084,Petrol,B,911,0,0,0,0,0,Male,$25-$70K,South,0
13030,06-Oct-18,1085,Petrol,B,2299,1,0,1,1,1,Male,$25-$70K,South,0
13031,27-Jun-18,1086,Petrol,B,620,0,1,1,0,0,Male,$25-$70K,South,0
13032,27-Jun-18,1087,Petrol,B,2418,0,1,0,1,0,Male,$25-$70K,South,0
13033,18-Jun-18,1088,Petrol,B,1785,1,0,0,0,0,Male,$25-$70K,South,0
13034,06-Apr-18,1089,Petrol,B,2139,1,1,1,0,0,Male,$25-$70K,South,1
13035,23-Jun-18,1090,Petrol,B,2023,0,1,1,1,1,Male,$25-$70K,South,0
13036,06-Jun-18,1091,Petrol,B,2099,0,0,0,0,1,Male,$25-$70K,South,0
13037,19-Jun-18,1092,Petrol,B,1559,1,0,0,1,0,Male,$25-$70K,South,0
13038,06-Nov-18,1093,Petrol,B,1277,0,0,0,1,1,Male,$25-$70K,South,1
13039,29-Jun-18,1094,Petrol,B,2487,1,1,0,0,1,Male,$25-$70K,South,1
13040,06-Feb-18,1095,Petrol,B,1717,0,0,0,1,1,Male,$25-$70K,South,0
13041,14-Jun-18,1096,Petrol,B,2342,1,1,0,0,0,Male,$25-$70K,South,1
13042,06-Jan-18,1097,Petrol,B,717,0,1,1,1,0,Male,$25-$70K,South,1
13043,16-Jun-18,1098,Petrol,B,1533,0,0,0,1,0,Male,$25-$70K,South,0
13044,23-Jun-18,1099,Petrol,B,751,1,0,1,0,0,Male,$25-$70K,South,1
13045,29-Jul-18,1100,Petrol,B,2277,1,0,0,0,1,Male,$25-$70K,South,1
13046,07-Jun-18,1101,Petrol,B,2205,0,0,0,0,1,Male,$25-$70K,South,0
13047,07-May-18,1102,Petrol,B,1095,1,0,0,0,1,Male,$25-$70K,South,0
13048,23-Jul-18,1103,Petrol,B,552,0,0,1,1,1,Male,$25-$70K,South,1
13049,24-Jul-18,1104,Petrol,B,2489,1,0,1,0,0,Male,$25-$70K,South,0
13050,21-Jul-18,1105,Petrol,B,2345,1,1,1,0,0,Male,$25-$70K,South,0
13051,07-May-18,1106,Petrol,B,1712,0,0,1,0,0,Male,$25-$70K,South,0
13052,23-Jul-18,1107,Petrol,B,2326,1,0,1,1,1,Male,$25-$70K,South,1
13053,07-Jun-18,1108,Petrol,B,505,0,0,0,1,1,Male,$25-$70K,South,1
13054,23-Jul-18,1109,Petrol,B,882,0,0,0,0,1,Male,$25-$70K,South,1
13055,18-Jul-18,1110,Petrol,B,837,1,0,0,1,0,Male,$25-$70K,South,0
13056,07-Mar-18,1111,Petrol,B,2418,0,1,1,0,1,Male,$25-$70K,South,0
13057,24-Jul-18,1112,Petrol,B,625,0,1,1,1,0,Male,$25-$70K,South,1
13058,20-Jul-18,1113,Petrol,B,1643,1,1,0,1,0,Male,$25-$70K,South,0
13059,28-Jul-18,1114,Petrol,B,1564,0,0,0,1,0,Male,$25-$70K,South,0
13060,13-Jul-18,1115,Petrol,B,1642,0,0,0,1,1,Male,$25-$70K,South,1
13061,24-Jul-18,1116,Petrol,B,1354,0,1,0,0,0,Male,$25-$70K,South,1
13062,13-Jul-18,1117,Petrol,B,1614,1,1,0,0,1,Male,$25-$70K,South,0
13063,07-Mar-18,1118,Petrol,B,1764,1,1,1,0,1,Male,$25-$70K,South,0
13064,18-Jul-18,1119,Petrol,B,1848,1,1,1,0,1,Male,$25-$70K,South,0
13065,07-Aug-18,1120,Petrol,B,953,1,1,0,1,1,Male,$25-$70K,South,0
13066,07-Mar-18,1121,Petrol,B,2009,0,0,0,0,1,Male,$25-$70K,South,0
13067,26-Jul-18,1122,Petrol,B,1726,0,1,0,1,1,Male,$25-$70K,South,1
13068,25-Jul-18,1123,Petrol,B,741,1,1,1,0,1,Male,$25-$70K,South,0
13069,17-Jul-18,1124,Petrol,B,2467,0,0,1,0,0,Male,$25-$70K,South,0
13070,15-Jul-18,1125,Petrol,B,775,0,1,1,1,1,Male,$25-$70K,South,0
13071,19-Jul-18,1126,Petrol,B,1545,1,0,0,1,0,Male,$25-$70K,South,1
13072,14-Jul-18,1127,Petrol,B,631,1,0,0,1,1,Male,$25-$70K,South,1
13073,24-Jul-18,1128,Petrol,B,2250,1,1,1,0,0,Male,$25-$70K,East,0
13074,07-Jul-18,1129,Petrol,B,1741,0,0,0,1,0,Male,$25-$70K,East,0
13075,28-Jul-18,1130,Petrol,B,1668,0,1,0,1,0,Male,$25-$70K,East,0
13076,20-Jul-18,1131,Petrol,B,1303,1,1,1,0,1,Male,$25-$70K,East,1
13077,07-Jul-18,1132,Petrol,B,691,1,0,1,1,0,Male,$25-$70K,East,0
13078,07-Jul-18,1133,Petrol,B,1157,1,0,1,1,0,Male,$25-$70K,East,1
13079,14-Jul-18,1134,Petrol,B,648,1,0,0,1,0,Male,$25-$70K,East,0
13080,07-May-18,1135,Petrol,B,563,0,0,1,1,1,Male,$25-$70K,East,1
13081,07-Feb-18,1136,Petrol,B,2040,1,1,1,0,1,Male,$25-$70K,East,1
13082,07-Nov-18,1137,Petrol,B,1211,0,0,1,0,0,Male,$25-$70K,East,1
13083,14-Jul-18,1138,Petrol,B,1666,0,1,1,1,0,Male,$25-$70K,East,1
13084,13-Jul-18,1139,Petrol,B,1140,0,1,0,0,0,Male,$25-$70K,East,0
13085,22-Jul-18,1140,Petrol,B,2108,0,0,0,0,1,Male,$25-$70K,East,1
13086,07-Sep-18,1141,Petrol,B,1734,1,0,0,0,1,Male,$25-$70K,East,1
13087,07-Oct-18,1142,Petrol,B,1281,0,0,0,0,0,Male,$25-$70K,East,1
13088,07-May-18,1143,Petrol,B,1926,0,0,1,0,1,Male,$25-$70K,East,1
13089,28-Jul-18,1144,Petrol,B,2095,1,0,0,1,0,Male,$25-$70K,East,0
13090,26-Jul-18,1145,Petrol,B,2199,0,0,1,1,1,Male,$25-$70K,East,1
13091,16-Jul-18,1146,Petrol,B,611,1,0,0,1,0,Male,$25-$70K,East,1
13092,07-Feb-18,1147,Petrol,B,2117,1,1,1,1,1,Male,$25-$70K,East,0
13093,23-Jul-18,1148,Petrol,B,1427,0,0,0,1,1,Male,$25-$70K,East,1
13094,13-Jul-18,1149,Petrol,B,2141,0,1,1,1,1,Male,$25-$70K,East,1
13095,19-Jul-18,1150,Petrol,B,1286,1,1,1,1,1,Male,$25-$70K,East,0
13096,26-Jul-18,1151,Petrol,B,521,1,1,1,0,0,Male,$25-$70K,East,1
13097,18-Jul-18,1152,Petrol,B,1002,0,1,1,0,1,Male,$25-$70K,East,1
13098,30-Jul-18,1153,Petrol,B,1425,1,0,0,0,0,Male,$25-$70K,East,0
13099,07-Apr-18,1154,Petrol,B,1796,1,1,0,1,1,Male,$25-$70K,East,0
13100,07-Nov-18,1155,Petrol,B,1627,1,1,1,1,0,Male,$25-$70K,East,0
13101,25-Jul-18,1156,Petrol,B,1019,1,0,1,0,0,Male,$25-$70K,East,1
13102,14-Jul-18,1157,Petrol,B,1492,0,0,0,1,0,Male,$25-$70K,East,1
13103,07-Sep-18,1158,Petrol,B,2220,0,1,1,1,1,Male,$25-$70K,East,1
13104,15-Jul-18,1159,Petrol,B,705,0,1,0,1,1,Male,$25-$70K,East,0
13105,07-Jun-18,1160,Petrol,B,1925,1,0,0,0,0,Male,$25-$70K,East,1
13106,07-Nov-18,1161,Petrol,B,1673,1,0,0,0,1,Male,$25-$70K,East,0
13107,20-Jul-18,1162,Petrol,B,2359,1,1,1,1,1,Male,$25-$70K,East,1
13108,07-Feb-18,1163,Petrol,B,1857,1,1,0,1,1,Male,$25-$70K,East,1
13109,28-Jul-18,1164,Petrol,B,2235,1,0,0,1,1,Male,$25-$70K,East,0
13110,15-Jul-18,1165,Petrol,B,1192,1,1,1,0,0,Male,$25-$70K,East,1
13111,13-Jul-18,1166,Petrol,B,1490,0,1,0,1,1,Male,$25-$70K,East,1
13112,15-Jul-18,1167,Petrol,B,2156,1,1,1,1,1,Male,0- $25K,East,0
13113,07-May-18,1168,Petrol,B,2241,0,1,0,1,0,Male,0- $25K,East,0
13114,07-Aug-18,1169,Petrol,B,2052,0,1,1,1,0,Male,0- $25K,East,1
13115,07-Oct-18,1170,Petrol,B,1371,0,1,0,1,1,Male,0- $25K,East,1
13116,22-Jul-18,1171,Petrol,B,1351,1,1,0,1,0,Male,0- $25K,East,1
13117,07-Nov-18,1172,Petrol,B,1008,0,0,0,1,0,Male,0- $25K,East,0
13118,07-Apr-18,1173,Petrol,B,1798,0,1,0,1,0,Male,0- $25K,East,1
13119,07-Jan-18,1174,Petrol,B,1253,0,1,1,1,0,Male,0- $25K,East,1
13120,07-Aug-18,1175,Petrol,B,1939,1,0,0,0,0,Male,0- $25K,East,0
13121,25-Jul-18,1176,Petrol,B,2475,1,0,1,0,0,Male,0- $25K,East,0
13122,13-Jul-18,1177,Petrol,B,1949,0,1,0,0,1,Male,0- $25K,East,0
13123,25-Jul-18,1178,Petrol,B,1143,1,0,1,1,1,Male,0- $25K,East,1
13124,07-Jan-18,1179,Petrol,B,2084,0,1,0,1,0,Male,0- $25K,East,1
13125,22-Jul-18,1180,Petrol,B,2434,1,1,0,0,1,Male,0- $25K,East,0
13126,25-Jul-18,1181,Petrol,B,2313,0,0,0,1,0,Male,0- $25K,East,1
13127,25-Jul-18,1182,Petrol,B,500,0,1,0,0,0,Male,0- $25K,East,1
13128,30-Jul-18,1183,Petrol,B,1977,1,0,1,0,1,Male,0- $25K,East,0
13129,20-Jul-18,1184,Petrol,B,1195,1,1,1,0,0,Male,0- $25K,East,1
13130,14-Jul-18,1185,Petrol,B,1163,0,0,0,0,1,Male,0- $25K,East,0
13131,16-Jul-18,1186,Petrol,B,2010,1,0,0,1,1,Male,0- $25K,East,1
13132,17-Jul-18,1187,Petrol,B,532,1,1,1,0,1,Male,0- $25K,East,1
13133,23-Jul-18,1188,Petrol,B,2478,0,0,0,0,0,Male,0- $25K,East,1
13134,15-Jul-18,1189,Petrol,B,1388,1,0,0,0,0,Male,0- $25K,East,0
13135,24-Jul-18,1190,Petrol,B,1076,1,0,0,0,0,Male,0- $25K,East,0
13136,07-Jan-18,1191,Petrol,B,564,0,0,1,1,1,Male,0- $25K,East,1
13137,17-Jul-18,1192,Petrol,B,1225,0,0,1,0,0,Male,0- $25K,East,1
13138,25-Jul-18,1193,Petrol,B,2295,0,1,1,1,0,Male,0- $25K,East,0
13139,23-Jul-18,1194,Petrol,B,2285,1,0,1,1,1,Male,0- $25K,East,0
13140,28-Jul-18,1195,Petrol,B,508,1,0,1,1,0,Male,0- $25K,East,0
13141,07-Jun-18,1196,Petrol,B,1967,1,0,0,0,1,Male,0- $25K,East,1
13142,07-Oct-18,1197,Petrol,B,1553,0,0,1,1,1,Male,0- $25K,East,1
13143,07-Mar-18,1198,Petrol,B,2141,0,1,0,0,0,Male,0- $25K,East,0
13144,29-Jul-18,1199,Petrol,B,2102,1,0,1,1,0,Male,0- $25K,East,0
13145,08-May-18,1200,Petrol,B,1662,0,1,1,1,0,Male,0- $25K,East,0
13146,27-Aug-18,1201,Petrol,B,910,0,1,0,0,0,Male,0- $25K,East,1
13147,08-Oct-18,1202,Petrol,B,2402,0,1,0,1,0,Male,0- $25K,East,0
13148,18-Aug-18,1203,Petrol,B,1731,1,0,0,0,0,Male,0- $25K,East,0
13149,24-Aug-18,1204,Petrol,B,557,1,0,1,1,0,Male,0- $25K,East,0
13150,08-Oct-18,1205,Petrol,B,1377,1,0,0,1,0,Male,0- $25K,East,1
13151,30-Aug-18,1206,Petrol,B,2301,1,0,0,0,0,Male,0- $25K,East,0
13152,08-Mar-18,1207,Petrol,B,1157,0,0,1,0,0,Male,0- $25K,East,0
13153,08-Jun-18,1208,Petrol,B,629,1,0,1,1,0,Male,0- $25K,East,1
13154,30-Aug-18,1209,Petrol,B,2255,0,1,0,1,0,Male,0- $25K,East,0
13155,08-Feb-18,1210,Petrol,B,974,0,1,1,0,0,Male,0- $25K,East,1
13156,17-Aug-18,1211,Petrol,B,1399,1,0,0,1,0,Male,0- $25K,East,1
13157,08-Feb-18,1212,Petrol,B,1612,0,1,1,0,0,Male,0- $25K,East,1
13158,08-Mar-18,1213,Petrol,B,2410,1,0,1,1,1,Male,0- $25K,East,0
13159,26-Aug-18,1214,Petrol,B,1545,0,1,0,1,1,Male,0- $25K,East,1
13160,14-Aug-18,1215,Petrol,B,1566,1,1,0,0,1,Male,0- $25K,East,1
13161,23-Aug-18,1216,Petrol,B,703,1,0,0,1,1,Male,0- $25K,East,1
13162,25-Aug-18,1217,Petrol,B,1441,1,1,1,1,1,Male,0- $25K,East,0
13163,08-Mar-18,1218,Petrol,B,1005,1,1,1,0,1,Male,0- $25K,East,0
13164,08-Apr-18,1219,Petrol,B,2163,1,0,0,1,0,Male,0- $25K,East,1
13165,14-Aug-18,1220,Petrol,B,1835,1,0,1,1,1,Male,0- $25K,East,0
13166,26-Aug-18,1221,Petrol,B,2033,0,1,1,1,1,Male,0- $25K,East,0
13167,17-Aug-18,1222,Petrol,B,1950,1,1,0,0,0,Male,0- $25K,East,1
13168,20-Aug-18,1223,Petrol,B,699,0,0,1,0,1,Male,0- $25K,East,0
13169,30-Aug-18,1224,Petrol,B,817,0,0,1,0,0,Male,0- $25K,East,1
13170,14-Aug-18,1225,Petrol,B,2435,1,0,1,0,1,Male,0- $25K,East,1
13171,22-Aug-18,1226,Petrol,B,1216,0,0,0,1,0,Male,0- $25K,East,0
13172,08-Oct-18,1227,Petrol,B,705,0,1,1,1,0,Male,0- $25K,East,1
13173,17-Aug-18,1228,Petrol,B,2443,0,0,1,1,1,Male,0- $25K,East,0
13174,26-Aug-18,1229,Petrol,B,1398,1,0,1,0,0,Male,0- $25K,East,0
13175,24-Aug-18,1230,Petrol,B,2471,0,1,1,1,1,Male,0- $25K,East,0
13176,22-Aug-18,1231,Petrol,B,1854,1,0,1,1,0,Male,0- $25K,East,1
13177,28-Aug-18,1232,Petrol,B,675,0,0,1,0,1,Male,0- $25K,East,0
13178,30-Aug-18,1233,Petrol,B,1035,1,0,0,0,0,Male,0- $25K,East,0
13179,08-May-18,1234,Petrol,B,926,1,1,0,1,0,Male,0- $25K,East,1
13180,08-Dec-18,1235,Petrol,B,2171,0,1,1,1,1,Male,0- $25K,East,1
13181,30-Aug-18,1236,Petrol,B,2064,1,1,0,1,0,Male,0- $25K,East,1
13182,25-Aug-18,1237,Petrol,B,934,1,1,0,1,1,Male,0- $25K,East,1
13183,08-Jul-18,1238,Petrol,B,1681,0,1,1,1,1,Male,0- $25K,East,1
13184,17-Aug-18,1239,Petrol,B,1556,1,0,1,0,1,Male,0- $25K,East,0
13185,22-Aug-18,1240,Petrol,B,2111,1,0,0,1,1,Male,0- $25K,East,0
13186,23-Aug-18,1241,Petrol,B,2048,0,0,1,1,1,Male,0- $25K,East,1
13187,08-Jul-18,1242,Petrol,B,507,0,0,0,1,0,Male,0- $25K,East,1
13188,13-Aug-18,1243,Petrol,B,1799,1,0,0,0,1,Male,0- $25K,East,0
13189,08-Nov-18,1244,Petrol,B,2292,1,0,1,1,0,Male,0- $25K,East,0
13190,23-Aug-18,1245,Petrol,B,2143,0,0,1,0,0,Male,0- $25K,East,1
13191,17-Aug-18,1246,Petrol,B,2198,0,1,1,1,1,Male,0- $25K,East,1
13192,08-Aug-18,1247,Petrol,B,581,1,0,0,1,0,Male,0- $25K,East,1
13193,14-Aug-18,1248,Petrol,B,2364,1,1,0,0,0,Male,0- $25K,East,1
13194,08-Jul-18,1249,Petrol,B,533,1,0,1,0,0,Male,0- $25K,East,0
13195,23-Aug-18,1250,Petrol,B,1911,1,1,1,0,1,Male,0- $25K,East,1
13196,21-Aug-18,1251,Petrol,B,1559,0,0,1,0,1,Male,0- $25K,East,1
13197,16-Aug-18,1252,Petrol,B,2477,0,0,0,1,0,Male,0- $25K,East,1
13198,22-Aug-18,1253,Petrol,B,878,0,0,0,0,0,Male,0- $25K,East,0
13199,08-Apr-18,1254,Petrol,B,1090,0,0,1,0,0,Male,0- $25K,East,0
13200,24-Aug-18,1255,Petrol,B,909,0,0,0,1,1,Male,0- $25K,East,0
13201,08-Nov-18,1256,Petrol,B,833,0,1,0,0,0,Male,0- $25K,East,1
13202,08-May-18,1257,Petrol,B,1031,1,1,1,0,0,Male,0- $25K,East,1
13203,23-Aug-18,1258,Petrol,B,1947,0,1,0,1,0,Male,0- $25K,East,0
13204,18-Aug-18,1259,Petrol,B,1757,1,1,0,1,1,Male,0- $25K,East,1
13205,08-Feb-18,1260,Petrol,B,993,0,0,1,1,0,Male,0- $25K,East,1
13206,08-May-18,1261,Petrol,B,1078,0,1,1,0,1,Male,0- $25K,East,0
13207,20-Aug-18,1262,Petrol,B,1349,0,1,1,0,0,Male,0- $25K,East,1
13208,08-May-18,1263,Petrol,B,1801,1,0,1,0,1,Male,0- $25K,East,1
13209,08-Mar-18,1264,Petrol,B,511,1,0,0,0,1,Male,0- $25K,East,1
13210,23-Aug-18,1265,Petrol,B,1709,0,0,0,1,1,Male,0- $25K,East,0
13211,08-Aug-18,1266,Petrol,B,973,0,1,1,0,1,Male,0- $25K,East,1
13212,19-Aug-18,1267,Petrol,B,747,0,0,1,0,1,Male,0- $25K,East,1
13213,08-Jun-18,1268,Petrol,B,1102,1,0,0,1,0,Male,0- $25K,East,1
13214,15-Aug-18,1269,Petrol,B,1878,0,1,0,1,1,Male,0- $25K,East,0
13215,17-Aug-18,1270,Petrol,B,975,0,1,0,0,0,Male,0- $25K,East,0
13216,19-Aug-18,1271,Petrol,B,803,1,1,0,0,1,Male,0- $25K,East,1
13217,30-Aug-18,1272,Petrol,B,2339,1,1,0,1,1,Male,0- $25K,East,0
13218,17-Aug-18,1273,Petrol,B,1340,1,0,1,0,0,Male,0- $25K,East,1
13219,16-Aug-18,1274,Petrol,B,1539,1,1,0,1,1,Male,0- $25K,East,0
13220,23-Aug-18,1275,Petrol,B,1364,0,0,0,1,1,Male,0- $25K,East,1
13221,26-Aug-18,1276,Petrol,B,1083,1,0,0,0,1,Male,0- $25K,East,1
13222,30-Aug-18,1277,Petrol,B,2380,1,0,1,1,0,Male,0- $25K,East,1
13223,25-Aug-18,1278,Petrol,B,2238,0,1,0,0,1,Male,0- $25K,East,1
13224,30-Aug-18,1279,Petrol,B,2192,0,1,1,1,1,Male,0- $25K,East,0
13225,17-Aug-18,1280,Petrol,B,1302,1,1,0,0,0,Male,0- $25K,East,1
13226,08-Jun-18,1281,Petrol,B,773,1,0,0,1,0,Male,0- $25K,East,1
13227,28-Aug-18,1282,Petrol,B,2107,0,1,0,1,0,Male,0- $25K,East,0
13228,25-Aug-18,1283,Petrol,B,1212,1,0,1,0,1,Male,0- $25K,East,1
13229,28-Aug-18,1284,Petrol,B,1090,0,0,1,1,0,Male,0- $25K,East,0
13230,08-Nov-18,1285,Petrol,B,1689,0,1,1,1,1,Male,0- $25K,East,1
13231,08-Nov-18,1286,Petrol,B,1390,0,0,1,1,0,Male,0- $25K,East,0
13232,17-Aug-18,1287,Petrol,B,2403,1,1,0,0,1,Male,0- $25K,East,1
13233,30-Aug-18,1288,Petrol,B,1525,1,0,1,1,0,Male,0- $25K,East,0
13234,08-Jul-18,1289,Petrol,B,2268,0,1,1,1,1,Male,0- $25K,East,1
13235,26-Aug-18,1290,Petrol,B,1261,0,0,0,1,1,Male,0- $25K,East,1
13236,08-Feb-18,1291,Petrol,B,1538,0,1,1,1,1,Male,0- $25K,East,1
13237,17-Aug-18,1292,Petrol,B,1536,1,0,0,1,1,Male,0- $25K,East,1
13238,14-Aug-18,1293,Petrol,B,1704,0,1,1,0,0,Male,0- $25K,East,1
13239,18-Aug-18,1294,Petrol,B,2018,0,1,1,1,1,Male,0- $25K,East,0
13240,21-Aug-18,1295,Petrol,B,1967,0,1,1,0,0,Male,0- $25K,East,1
13241,08-Aug-18,1296,Petrol,B,1884,1,0,0,1,1,Male,0- $25K,East,1
13242,08-Mar-18,1297,Petrol,B,2253,1,0,1,0,1,Male,0- $25K,East,0
13243,26-Aug-18,1298,Petrol,B,1969,1,0,1,0,1,Male,0- $25K,East,0
13244,08-Mar-18,1299,Petrol,B,667,0,0,0,0,0,Male,0- $25K,East,0
13245,09-Mar-18,1300,Petrol,B,1584,0,0,0,0,1,Male,0- $25K,East,1
13246,14-Sep-18,1301,Petrol,B,577,1,0,1,0,1,Male,0- $25K,East,0
13247,29-Sep-18,1302,Petrol,B,2441,0,0,1,0,0,Male,0- $25K,East,0
13248,20-Sep-18,1303,Petrol,B,616,1,0,1,1,1,Male,0- $25K,East,0
13249,09-Dec-18,1304,Petrol,B,1801,1,1,0,1,0,Male,0- $25K,East,0
13250,19-Sep-18,1305,Petrol,B,1613,0,0,1,0,1,Male,0- $25K,East,1
13251,09-Jan-18,1306,Petrol,B,1893,0,1,0,0,1,Male,0- $25K,East,1
13252,18-Sep-18,1307,Petrol,B,1280,0,1,1,1,1,Female,0- $25K,East,0
13253,26-Sep-18,1308,Petrol,B,1698,1,1,0,0,0,Female,0- $25K,East,1
13254,24-Sep-18,1309,Petrol,B,578,0,1,0,0,1,Female,0- $25K,East,1
13255,28-Sep-18,1310,Petrol,B,2085,0,0,1,1,0,Female,0- $25K,East,1
13256,09-Nov-18,1311,Petrol,B,1258,0,0,1,1,0,Female,0- $25K,East,0
13257,09-Jan-18,1312,Petrol,B,1150,1,1,1,1,0,Female,0- $25K,East,1
13258,15-Sep-18,1313,Petrol,B,762,1,1,0,1,0,Female,0- $25K,East,0
13259,09-Feb-18,1314,Petrol,B,1418,0,0,0,0,0,Female,0- $25K,East,1
13260,09-May-18,1315,Petrol,B,1784,1,1,1,1,1,Female,0- $25K,East,0
13261,16-Sep-18,1316,Petrol,B,1278,0,1,1,0,1,Female,0- $25K,East,1
13262,09-Dec-18,1317,Petrol,B,1312,0,1,1,0,1,Female,0- $25K,East,0
13263,18-Sep-18,1318,Petrol,B,1755,0,1,1,1,0,Female,0- $25K,East,1
13264,09-Dec-18,1319,Petrol,B,954,1,1,0,0,0,Female,0- $25K,East,0
13265,09-Jan-18,1320,Petrol,B,1451,0,1,0,1,1,Female,0- $25K,East,0
13266,09-Jun-18,1321,Petrol,B,2485,1,0,1,1,1,Female,0- $25K,East,0
13267,09-Aug-18,1322,Petrol,B,2380,0,1,1,0,1,Female,0- $25K,East,0
13268,13-Sep-18,1323,Petrol,B,1573,1,1,0,0,1,Female,0- $25K,East,0
13269,09-Apr-18,1324,Petrol,B,2220,0,0,0,1,1,Female,0- $25K,East,1
13270,09-Sep-18,1325,Petrol,B,2070,0,1,1,1,0,Female,0- $25K,East,0
13271,16-Sep-18,1326,Petrol,B,1995,0,0,1,1,1,Female,0- $25K,East,0
13272,29-Sep-18,1327,Petrol,B,578,0,0,0,0,1,Female,0- $25K,East,1
13273,17-Sep-18,1328,Petrol,B,1142,0,1,0,0,1,Female,0- $25K,East,1
13274,27-Sep-18,1329,Petrol,B,2023,1,1,0,1,1,Female,0- $25K,East,1
13275,15-Sep-18,1330,Petrol,B,2391,0,1,1,0,0,Female,0- $25K,East,0
13276,09-Aug-18,1331,Petrol,B,1337,1,1,1,0,0,Female,0- $25K,East,1
13277,16-Sep-18,1332,Petrol,B,2384,0,0,0,1,1,Female,0- $25K,East,0
13278,09-Sep-18,1333,Petrol,B,1782,0,1,0,0,0,Female,0- $25K,East,0
13279,30-Sep-18,1334,Petrol,B,2458,0,0,0,1,1,Female,0- $25K,East,1
13280,27-Sep-18,1335,Petrol,B,1680,1,0,1,1,0,Female,0- $25K,East,1
13281,09-May-18,1336,Petrol,B,1528,0,0,0,0,0,Female,0- $25K,East,1
13282,21-Sep-18,1337,Petrol,B,2386,1,1,1,1,1,Female,0- $25K,East,0
13283,23-Sep-18,1338,Petrol,B,531,0,0,0,1,0,Female,0- $25K,East,0
13284,19-Sep-18,1339,Petrol,B,2490,0,0,1,0,0,Female,0- $25K,East,1
13285,22-Sep-18,1340,Petrol,B,1493,1,1,0,1,0,Female,0- $25K,East,1
13286,18-Sep-18,1341,Petrol,B,2195,1,1,0,0,1,Female,0- $25K,East,1
13287,25-Sep-18,1342,Petrol,B,1004,1,1,0,0,0,Female,0- $25K,East,0
13288,21-Sep-18,1343,Petrol,B,698,1,0,0,1,0,Female,0- $25K,East,0
13289,09-Jun-18,1344,Petrol,B,710,0,1,0,0,1,Female,0- $25K,East,1
13290,20-Sep-18,1345,Petrol,B,858,0,1,0,1,0,Female,0- $25K,East,1
13291,09-Jun-18,1346,Petrol,B,892,1,0,0,1,1,Female,0- $25K,East,0
13292,24-Sep-18,1347,Petrol,B,2157,1,1,1,1,1,Female,0- $25K,East,0
13293,17-Sep-18,1348,Petrol,B,1227,1,1,0,1,0,Female,0- $25K,East,0
13294,09-Apr-18,1349,Petrol,B,733,0,0,0,1,0,Female,0- $25K,East,1
13295,29-Sep-18,1350,Petrol,B,1471,1,0,1,0,1,Female,0- $25K,East,1
13296,21-Sep-18,1351,Petrol,B,1546,0,1,0,1,1,Female,0- $25K,East,1
13297,09-Oct-18,1352,Petrol,B,1391,0,0,0,0,0,Female,0- $25K,East,0
13298,09-Nov-18,1353,Petrol,B,1971,1,0,1,0,1,Female,0- $25K,East,1
13299,27-Sep-18,1354,Petrol,B,1609,0,1,1,1,1,Female,0- $25K,East,0
13300,26-Sep-18,1355,Petrol,B,1868,1,0,1,1,1,Female,0- $25K,East,1
13301,14-Sep-18,1356,Petrol,B,2057,0,0,0,1,1,Female,0- $25K,East,1
13302,09-Dec-18,1357,Petrol,B,774,1,0,0,1,0,Female,0- $25K,East,0
13303,09-Nov-18,1358,Petrol,B,1696,1,0,0,0,0,Female,0- $25K,East,1
13304,09-May-18,1359,Petrol,B,1794,0,0,0,0,1,Female,0- $25K,East,1
13305,16-Sep-18,1360,Petrol,B,1393,1,1,0,1,0,Female,0- $25K,East,0
13306,09-Nov-18,1361,Petrol,B,2042,0,0,1,1,0,Female,0- $25K,East,0
13307,29-Sep-18,1362,Petrol,B,1497,0,0,0,0,1,Female,0- $25K,East,0
13308,27-Sep-18,1363,Petrol,B,2152,0,0,0,0,1,Female,0- $25K,East,1
13309,09-Jan-18,1364,Petrol,B,643,1,0,0,1,1,Female,0- $25K,East,0
13310,28-Sep-18,1365,Petrol,B,965,1,1,0,1,1,Female,0- $25K,East,1
13311,09-Jul-18,1366,Petrol,B,1177,1,1,1,0,1,Female,0- $25K,East,1
13312,13-Sep-18,1367,Petrol,B,856,0,1,0,0,0,Female,0- $25K,East,1
13313,09-Dec-18,1368,Petrol,B,2473,0,1,1,0,1,Female,0- $25K,East,0
13314,30-Sep-18,1369,Petrol,B,1112,0,0,0,1,1,Female,0- $25K,East,0
13315,18-Sep-18,1370,Petrol,B,1104,0,1,0,1,1,Female,0- $25K,East,1
13316,09-Apr-18,1371,Petrol,B,765,0,0,1,1,1,Female,0- $25K,East,0
13317,25-Sep-18,1372,Petrol,B,2173,1,1,1,1,0,Female,0- $25K,East,1
13318,14-Sep-18,1373,Petrol,B,1897,1,0,1,1,0,Female,0- $25K,East,1
13319,20-Sep-18,1374,Petrol,B,1402,0,1,1,0,1,Female,0- $25K,East,0
13320,09-Jun-18,1375,Petrol,B,1088,0,1,0,1,1,Female,0- $25K,East,1
13321,09-Jul-18,1376,Petrol,B,1890,0,1,0,0,1,Female,0- $25K,East,1
13322,09-Jun-18,1377,Petrol,B,526,0,0,1,1,0,Female,0- $25K,East,1
13323,09-Jun-18,1378,Petrol,B,553,1,1,1,0,1,Female,0- $25K,East,0
13324,14-Sep-18,1379,Petrol,B,1612,0,0,0,1,1,Female,0- $25K,East,0
13325,09-Jan-18,1380,Petrol,B,1892,1,1,0,0,0,Female,0- $25K,East,1
13326,09-Jul-18,1381,Petrol,B,1680,0,0,1,0,0,Female,0- $25K,East,1
13327,09-Jun-18,1382,Petrol,B,999,0,1,0,1,1,Female,0- $25K,East,1
13328,09-Sep-18,1383,Petrol,B,690,0,0,0,0,0,Female,0- $25K,East,1
13329,09-May-18,1384,Petrol,B,1015,1,0,0,1,0,Female,0- $25K,East,1
13330,09-Apr-18,1385,Petrol,B,2080,1,0,0,1,1,Female,0- $25K,East,1
13331,16-Sep-18,1386,Petrol,B,1009,1,1,0,1,0,Female,0- $25K,East,0
13332,15-Sep-18,1387,Petrol,B,1616,1,0,0,1,1,Female,0- $25K,East,0
13333,19-Sep-18,1388,Petrol,B,630,1,0,1,0,0,Female,0- $25K,East,0
13334,16-Sep-18,1389,Petrol,B,840,1,0,1,0,1,Female,0- $25K,East,0
13335,14-Sep-18,1390,Petrol,B,2201,1,0,1,1,0,Female,0- $25K,East,0
13336,09-Oct-18,1391,Petrol,B,2354,0,1,1,1,1,Female,0- $25K,East,0
13337,09-Feb-18,1392,Petrol,B,1008,0,1,0,1,0,Female,0- $25K,East,0
13338,09-Dec-18,1393,Petrol,B,1715,1,1,0,1,1,Female,0- $25K,East,1
13339,27-Sep-18,1394,Petrol,B,1496,1,0,0,1,1,Female,0- $25K,East,0
13340,09-Mar-18,1395,Petrol,B,2314,0,1,0,0,0,Female,0- $25K,East,0
13341,29-Sep-18,1396,Petrol,B,758,1,0,1,0,0,Female,0- $25K,East,1
13342,09-Jan-18,1397,Petrol,B,1427,1,0,1,0,0,Female,0- $25K,East,0
13343,22-Sep-18,1398,Petrol,B,1101,0,0,1,1,1,Female,0- $25K,East,1
13344,09-Jun-18,1399,Petrol,B,843,1,0,0,1,1,Female,0- $25K,East,0
13345,24-Sep-18,1400,Petrol,B,1977,0,0,1,1,1,Female,0- $25K,East,1
13346,21-Sep-18,1401,Petrol,B,1569,1,0,1,1,0,Female,0- $25K,East,1
13347,15-Sep-18,1402,Petrol,B,1533,1,1,0,0,0,Female,0- $25K,East,0
13348,23-Sep-18,1403,Petrol,B,1147,1,1,1,1,1,Female,0- $25K,East,1
13349,09-Apr-18,1404,Petrol,B,1413,1,0,1,1,0,Female,0- $25K,East,0
13350,09-May-18,1405,Petrol,B,1362,0,0,1,0,0,Female,0- $25K,East,1
13351,24-Sep-18,1406,Petrol,B,1900,0,0,0,0,0,Female,0- $25K,East,0
13352,09-Apr-18,1407,Petrol,B,1791,0,1,0,0,0,Female,0- $25K,East,0
13353,14-Sep-18,1408,Petrol,B,1593,1,0,0,1,1,Female,0- $25K,East,1
13354,09-Feb-18,1409,Petrol,B,2115,0,1,1,1,1,Female,0- $25K,East,0
13355,09-Jun-18,1410,Petrol,B,693,1,1,1,1,0,Female,0- $25K,East,1
13356,09-Jan-18,1411,Petrol,B,1939,0,0,1,0,1,Female,0- $25K,East,0
13357,23-Sep-18,1412,Petrol,B,1191,0,0,1,1,0,Female,0- $25K,East,1
13358,09-Jun-18,1413,Petrol,B,2272,1,1,0,0,1,Female,0- $25K,East,1
13359,18-Sep-18,1414,Petrol,B,2134,0,0,1,0,0,Female,0- $25K,East,1
13360,20-Sep-18,1415,Petrol,B,1357,1,1,0,0,1,Female,0- $25K,East,1
13361,13-Sep-18,1416,Petrol,C,1067,1,0,1,1,0,Female,0- $25K,East,0
13362,25-Sep-18,1417,Petrol,C,1636,1,0,0,0,0,Female,0- $25K,East,0
13363,27-Sep-18,1418,Petrol,C,1986,1,1,1,0,0,Female,0- $25K,East,1
13364,16-Sep-18,1419,Petrol,C,969,0,0,0,0,0,Female,0- $25K,East,0
13365,30-Sep-18,1420,Petrol,C,789,0,1,1,0,0,Female,0- $25K,East,1
13366,26-Sep-18,1421,Petrol,C,1116,1,0,1,1,0,Female,0- $25K,East,0
13367,25-Sep-18,1422,Petrol,C,1195,0,1,1,1,0,Female,0- $25K,East,0
13368,28-Sep-18,1423,Petrol,C,1180,0,1,1,0,0,Female,0- $25K,East,0
13369,22-Sep-18,1424,Petrol,C,696,1,0,0,0,1,Female,0- $25K,East,0
13370,09-Oct-18,1425,Petrol,C,1105,1,1,1,0,1,Female,0- $25K,East,1
13371,16-Oct-18,1426,Petrol,C,1007,0,1,0,0,1,Female,0- $25K,East,1
13372,29-Oct-18,1427,Petrol,C,585,1,0,0,0,1,Female,0- $25K,East,0
13373,30-Oct-18,1428,Petrol,C,1384,1,0,0,1,0,Female,0- $25K,East,0
13374,30-Oct-18,1429,Petrol,C,519,1,0,0,1,1,Female,0- $25K,East,1
13375,10-Nov-18,1430,Petrol,C,1013,1,0,0,0,1,Female,0- $25K,East,1
13376,10-May-18,1431,Petrol,C,695,0,1,1,1,0,Female,0- $25K,East,0
13377,28-Oct-18,1432,Petrol,C,1184,0,0,0,1,1,Female,0- $25K,East,0
13378,30-Oct-18,1433,Petrol,C,673,1,0,0,1,0,Female,0- $25K,West,0
13379,16-Oct-18,1434,Petrol,C,2097,0,0,0,0,1,Female,0- $25K,West,0
13380,20-Oct-18,1435,Petrol,C,2105,0,0,0,0,1,Female,0- $25K,West,1
13381,10-Jan-18,1436,Petrol,C,555,1,0,1,1,0,Female,0- $25K,West,1
13382,16-Oct-18,1437,Petrol,C,558,1,1,1,0,1,Female,0- $25K,West,1
13383,23-Oct-18,1438,Petrol,C,640,1,1,0,0,1,Female,0- $25K,West,0
13384,20-Oct-18,1439,Petrol,C,2012,0,0,0,1,0,Female,0- $25K,West,0
13385,16-Oct-18,1440,Petrol,C,914,0,1,1,0,1,Female,0- $25K,West,1
13386,10-Aug-18,1441,Petrol,C,1479,1,1,1,0,0,Female,0- $25K,West,0
13387,30-Oct-18,1442,Petrol,C,2122,0,0,0,1,0,Female,0- $25K,West,0
13388,16-Oct-18,1443,Petrol,C,948,1,1,0,1,1,Female,0- $25K,West,0
13389,26-Oct-18,1444,Petrol,C,2371,1,0,1,1,0,Female,0- $25K,West,0
13390,10-Jun-18,1445,Petrol,C,542,1,0,1,1,0,Female,0- $25K,West,0
13391,10-Mar-18,1446,Petrol,C,2145,1,0,1,0,0,Female,0- $25K,West,0
13392,10-Jun-18,1447,Petrol,C,1675,1,1,0,0,1,Female,0- $25K,West,0
13393,23-Oct-18,1448,Petrol,C,825,1,1,0,0,0,Female,0- $25K,West,0
13394,24-Oct-18,1449,Petrol,C,2018,1,1,0,0,0,Female,0- $25K,West,1
13395,10-Dec-18,1450,Petrol,C,1352,0,1,0,1,1,Female,0- $25K,West,0
13396,21-Oct-18,1451,Diesel,C,1433,1,1,1,0,0,Female,0- $25K,West,0
13397,10-Mar-18,1452,Diesel,C,1866,1,1,1,1,0,Female,0- $25K,West,1
13398,24-Oct-18,1453,Diesel,C,1772,0,0,1,0,0,Female,0- $25K,West,1
13399,29-Oct-18,1454,Diesel,C,1428,0,1,1,1,1,Female,0- $25K,West,1
13400,16-Oct-18,1455,Diesel,C,1773,0,0,1,0,1,Female,0- $25K,West,0
13401,30-Oct-18,1456,Diesel,C,1951,0,0,0,0,0,Female,0- $25K,West,1
13402,10-Oct-18,1457,Diesel,C,670,0,0,1,0,0,Female,0- $25K,West,1
13403,29-Oct-18,1458,Diesel,C,965,1,1,0,0,0,Female,0- $25K,West,1
13404,29-Oct-18,1459,Diesel,C,1780,0,1,0,1,0,Female,0- $25K,West,1
13405,10-Dec-18,1460,Diesel,C,782,0,0,0,0,1,Female,0- $25K,West,0
13406,10-Oct-18,1461,Diesel,C,2200,1,1,0,0,1,Female,0- $25K,West,0
13407,24-Oct-18,1462,Diesel,C,2424,1,1,1,0,0,Female,0- $25K,West,0
13408,10-Feb-18,1463,Diesel,C,2104,1,0,0,1,1,Female,0- $25K,West,0
13409,10-Jul-18,1464,Diesel,C,852,1,1,1,1,0,Female,0- $25K,West,0
13410,26-Oct-18,1465,Diesel,C,2126,0,1,1,0,1,Female,0- $25K,West,1
13411,10-Jun-18,1466,Diesel,C,2396,1,1,0,1,0,Female,0- $25K,West,1
13412,16-Oct-18,1467,Diesel,C,1658,1,0,1,1,1,Female,0- $25K,West,1
13413,10-Apr-18,1468,Diesel,C,2264,1,0,1,1,1,Female,0- $25K,West,1
13414,19-Oct-18,1469,Diesel,C,2393,1,1,1,0,0,Female,0- $25K,West,0
13415,19-Oct-18,1470,Diesel,C,586,1,1,1,1,1,Female,0- $25K,West,1
13416,20-Oct-18,1471,Diesel,C,874,1,0,1,0,0,Female,0- $25K,West,0
13417,10-May-18,1472,Diesel,C,944,1,1,1,1,0,Female,0- $25K,West,1
13418,10-Jan-18,1473,Diesel,C,1279,1,1,0,0,1,Female,0- $25K,West,1
13419,10-Jan-18,1474,Diesel,C,2074,0,0,1,1,0,Female,0- $25K,West,0
13420,27-Oct-18,1475,Diesel,C,1706,0,1,1,1,0,Female,0- $25K,West,0
13421,22-Oct-18,1476,Diesel,C,1179,0,0,1,0,0,Female,0- $25K,West,0
13422,10-Apr-18,1477,Diesel,C,1571,1,1,0,1,1,Female,0- $25K,West,0
13423,10-Oct-18,1478,Diesel,C,1465,1,1,1,1,1,Female,0- $25K,West,0
13424,10-Jun-18,1479,Diesel,C,1557,0,1,1,1,1,Female,0- $25K,West,1
13425,10-Feb-18,1480,Diesel,C,832,1,0,1,1,0,Female,0- $25K,West,1
13426,10-Apr-18,1481,Diesel,C,1146,0,0,0,0,1,Female,0- $25K,West,0
13427,16-Oct-18,1482,Diesel,C,1577,1,0,0,1,0,Female,0- $25K,West,1
13428,30-Oct-18,1483,Diesel,C,2356,1,1,1,1,0,Female,0- $25K,West,0
13429,29-Oct-18,1484,Diesel,C,1437,0,0,0,1,0,Female,0- $25K,West,1
13430,24-Oct-18,1485,Diesel,C,2436,1,1,1,1,0,Female,0- $25K,West,0
13431,24-Oct-18,1486,Diesel,C,1427,0,1,0,1,0,Female,0- $25K,West,1
13432,10-Nov-18,1487,Diesel,C,1949,0,0,1,1,1,Female,0- $25K,West,0
13433,10-Jan-18,1488,Diesel,C,1875,1,0,0,0,0,Female,0- $25K,West,1
13434,10-Jun-18,1489,Diesel,C,2167,1,1,1,1,0,Female,0- $25K,West,1
13435,22-Oct-18,1490,Diesel,C,1170,1,0,1,0,0,Female,0- $25K,West,1
13436,10-Dec-18,1491,Diesel,C,684,1,1,0,1,0,Female,0- $25K,West,1
13437,26-Oct-18,1492,Diesel,C,2148,0,1,0,1,0,Female,0- $25K,West,0
13438,22-Oct-18,1493,Diesel,C,635,1,1,0,1,1,Female,0- $25K,West,1
13439,18-Oct-18,1494,Diesel,C,925,1,0,1,1,0,Female,0- $25K,West,0
13440,27-Oct-18,1495,Diesel,C,709,1,1,0,1,1,Female,0- $25K,West,0
13441,26-Oct-18,1496,Diesel,C,2075,0,0,1,1,0,Female,0- $25K,West,1
13442,30-Oct-18,1497,Diesel,C,602,1,1,1,1,0,Female,0- $25K,West,0
13443,21-Oct-18,1498,Diesel,C,2130,1,0,0,0,1,Female,0- $25K,West,0
13444,17-Oct-18,1499,Diesel,C,1959,1,1,1,0,0,Female,0- $25K,West,0
13445,23-Oct-18,1500,Diesel,C,780,0,1,1,0,0,Female,0- $25K,West,1
13446,30-Oct-18,1501,Diesel,C,2126,0,1,1,1,0,Female,0- $25K,West,1
13447,10-Apr-18,1502,Diesel,C,1768,1,0,0,0,1,Female,0- $25K,West,1
13448,10-Oct-18,1503,Diesel,C,1637,0,0,0,1,1,Female,0- $25K,West,0
13449,28-Oct-18,1504,Diesel,C,1889,0,1,0,1,1,Female,0- $25K,West,1
13450,10-Nov-18,1505,Diesel,C,2146,1,0,1,1,1,Female,0- $25K,West,1
13451,10-Mar-18,1506,Diesel,C,1355,1,0,0,1,0,Female,0- $25K,West,0
13452,15-Oct-18,1507,Diesel,C,1082,0,1,0,1,1,Female,0- $25K,West,0
13453,29-Oct-18,1508,Diesel,C,2394,0,1,1,1,0,Female,0- $25K,West,1
13454,17-Oct-18,1509,Diesel,C,926,1,1,1,1,1,Female,0- $25K,West,1
13455,24-Oct-18,1510,Diesel,C,892,0,1,1,0,1,Female,0- $25K,West,1
13456,10-Feb-18,1511,Diesel,C,994,0,0,1,1,0,Female,0- $25K,West,1
13457,10-Feb-18,1512,Diesel,C,2260,0,1,1,0,0,Female,0- $25K,West,1
13458,10-Aug-18,1513,Diesel,C,1149,1,1,0,1,1,Female,0- $25K,West,1
13459,10-Mar-18,1514,Diesel,C,2283,1,0,1,0,0,Female,0- $25K,West,1
13460,16-Oct-18,1515,Diesel,C,1663,0,1,1,0,1,Female,0- $25K,West,0
13461,24-Oct-18,1516,Diesel,C,2197,1,1,1,0,1,Female,0- $25K,West,0
13462,10-May-18,1517,Diesel,C,1669,0,0,1,0,1,Female,0- $25K,West,0
13463,25-Oct-18,1518,Diesel,C,1547,0,0,0,1,0,Female,0- $25K,West,0
13464,10-Dec-18,1519,Diesel,C,899,0,0,1,0,0,Female,0- $25K,West,1
13465,18-Oct-18,1520,Diesel,C,2439,0,1,1,0,1,Female,0- $25K,West,1
13466,11-Jul-18,1521,Diesel,C,1867,0,1,0,0,1,Female,0- $25K,West,1
13467,11-Mar-18,1522,Diesel,C,898,1,1,1,0,0,Female,0- $25K,West,1
13468,11-Oct-18,1523,Diesel,C,962,1,1,0,1,0,Female,0- $25K,West,1
13469,18-Nov-18,1524,Diesel,C,1875,1,1,0,1,0,Female,0- $25K,West,1
13470,28-Nov-18,1525,Diesel,C,1157,0,0,1,1,0,Female,0- $25K,West,1
13471,11-Jan-18,1526,Diesel,C,2376,0,1,0,0,1,Female,0- $25K,West,0
13472,22-Nov-18,1527,Diesel,C,1523,1,0,1,1,0,Female,0- $25K,West,0
13473,17-Nov-18,1528,Diesel,C,1850,1,0,0,1,0,Female,0- $25K,West,1
13474,24-Nov-18,1529,Diesel,C,1828,1,1,0,1,1,Female,0- $25K,West,1
13475,11-Feb-18,1530,Diesel,C,1140,0,0,0,1,0,Female,0- $25K,West,1
13476,14-Nov-18,1531,Diesel,C,1208,1,0,1,1,0,Female,0- $25K,West,1
13477,30-Nov-18,1532,Diesel,C,1716,0,0,1,1,0,Female,0- $25K,West,0
13478,21-Nov-18,1533,Diesel,C,731,0,1,0,0,1,Female,0- $25K,West,1
13479,16-Nov-18,1534,Diesel,C,1128,1,1,0,0,1,Female,0- $25K,West,0
13480,27-Nov-18,1535,Diesel,C,1541,1,0,0,0,1,Female,0- $25K,West,0
13481,11-Feb-18,1536,Diesel,C,2498,0,1,0,1,0,Female,0- $25K,West,0
13482,13-Nov-18,1537,Diesel,C,2125,0,0,1,1,1,Female,0- $25K,West,1
13483,27-Nov-18,1538,Diesel,C,2130,0,0,1,1,0,Female,0- $25K,West,1
13484,19-Nov-18,1539,Diesel,C,863,1,1,0,1,1,Female,0- $25K,West,1
13485,13-Nov-18,1540,Diesel,C,1635,1,1,1,0,0,Female,0- $25K,West,1
13486,20-Nov-18,1541,Diesel,C,1403,1,0,0,0,0,Female,0- $25K,West,0
13487,23-Nov-18,1542,Diesel,C,2470,0,1,1,1,1,Female,0- $25K,West,1
13488,15-Nov-18,1543,Diesel,C,822,1,1,1,0,1,Female,0- $25K,West,0
13489,11-Mar-18,1544,Diesel,C,2054,0,1,1,0,1,Female,0- $25K,West,0
13490,24-Nov-18,1545,Diesel,C,2322,0,1,0,0,0,Female,0- $25K,West,0
13491,29-Nov-18,1546,Diesel,C,950,1,1,1,1,1,Female,0- $25K,West,0
13492,11-Jun-18,1547,Diesel,C,2026,0,1,0,0,1,Female,0- $25K,West,0
13493,26-Nov-18,1548,Diesel,C,2000,0,1,1,0,1,Female,0- $25K,West,0
13494,23-Nov-18,1549,Diesel,C,935,0,0,1,1,0,Female,0- $25K,West,0
13495,21-Nov-18,1550,Diesel,C,1506,0,1,1,1,1,Female,0- $25K,West,0
13496,11-Apr-18,1551,Diesel,C,520,0,1,0,0,1,Female,0- $25K,West,0
13497,11-Dec-18,1552,Diesel,C,759,1,0,0,0,1,Female,0- $25K,West,0
13498,18-Nov-18,1553,Diesel,C,2338,0,1,1,1,0,Female,0- $25K,West,1
13499,13-Nov-18,1554,Diesel,C,1957,1,1,1,0,0,Female,0- $25K,West,1
13500,11-Apr-18,1555,Diesel,C,2201,1,1,0,1,1,Female,0- $25K,West,1
13501,16-Nov-18,1556,Diesel,C,1021,1,0,1,1,1,Female,0- $25K,West,1
13502,11-Jun-18,1557,Diesel,C,1738,0,0,0,1,0,Female,0- $25K,West,0
13503,23-Nov-18,1558,Diesel,C,629,1,1,0,0,1,Female,0- $25K,West,1
13504,11-Mar-18,1559,Diesel,C,714,1,1,1,0,0,Female,0- $25K,West,1
13505,22-Nov-18,1560,Diesel,C,1461,0,0,0,1,0,Female,0- $25K,West,0
13506,26-Nov-18,1561,Diesel,C,2477,1,1,1,0,1,Female,0- $25K,West,0
13507,11-Jun-18,1562,Diesel,C,1275,1,0,1,0,0,Female,0- $25K,West,0
13508,15-Nov-18,1563,Diesel,C,1937,1,1,1,0,0,Female,0- $25K,West,1
13509,22-Nov-18,1564,Diesel,C,1961,0,0,0,1,0,Female,0- $25K,West,1
13510,11-Jan-18,1565,Diesel,C,2482,1,0,1,1,0,Female,0- $25K,West,1
13511,11-Mar-18,1566,Diesel,C,2128,1,0,1,0,1,Female,0- $25K,West,1
13512,11-Jan-18,1567,Diesel,C,1981,0,1,0,1,0,Female,0- $25K,West,0
13513,11-Oct-18,1568,Diesel,C,1564,1,0,0,1,1,Female,0- $25K,West,1
13514,11-Apr-18,1569,Diesel,C,2380,1,0,1,0,1,Female,0- $25K,West,0
13515,13-Nov-18,1570,Diesel,C,867,1,1,1,1,0,Female,0- $25K,West,0
13516,27-Nov-18,1571,Diesel,C,698,0,1,0,0,1,Female,0- $25K,West,1
13517,11-Aug-18,1572,Diesel,C,1548,0,1,1,0,0,Female,0- $25K,West,0
13518,11-Oct-18,1573,Diesel,C,2083,0,1,0,0,1,Female,0- $25K,West,0
13519,25-Nov-18,1574,Diesel,C,757,1,1,0,0,0,Female,0- $25K,West,0
13520,11-Aug-18,1575,Diesel,C,754,1,1,1,0,1,Female,0- $25K,West,0
13521,11-Mar-18,1576,Diesel,C,2449,0,1,0,0,1,Female,0- $25K,West,1
13522,29-Nov-18,1577,Diesel,C,600,0,1,0,1,0,Female,0- $25K,West,1
13523,29-Nov-18,1578,Diesel,C,974,0,1,0,0,0,Female,0- $25K,West,1
13524,29-Nov-18,1579,Diesel,C,1370,1,1,1,0,0,Female,0- $25K,West,1
13525,11-Jun-18,1580,Diesel,C,1348,1,0,1,0,0,Female,0- $25K,West,1
13526,11-Nov-18,1581,Diesel,C,834,1,1,1,0,0,Female,0- $25K,West,0
13527,11-Mar-18,1582,Diesel,C,2464,0,0,1,0,1,Female,0- $25K,West,0
13528,11-Jan-18,1583,Diesel,C,546,1,0,1,0,0,Female,0- $25K,West,0
13529,24-Nov-18,1584,Diesel,C,676,1,0,0,1,1,Female,0- $25K,West,1
13530,11-Feb-18,1585,Diesel,C,1487,1,0,0,1,0,Female,0- $25K,West,1
13531,11-Jan-18,1586,Diesel,C,2296,0,0,0,0,1,Female,0- $25K,West,0
13532,19-Nov-18,1587,Diesel,C,2365,0,0,1,0,0,Female,0- $25K,West,1
13533,11-Oct-18,1588,Diesel,C,831,0,1,0,0,1,Female,0- $25K,West,0
13534,11-Dec-18,1589,Diesel,C,2295,1,0,1,1,0,Female,0- $25K,West,1
13535,11-Feb-18,1590,Diesel,C,1709,1,1,1,1,0,Female,0- $25K,West,1
13536,18-Nov-18,1591,Diesel,C,2464,1,0,1,1,1,Female,0- $25K,West,0
13537,21-Nov-18,1592,Diesel,C,1827,1,0,1,1,1,Female,0- $25K,West,0
13538,11-Jun-18,1593,Diesel,C,1284,1,1,0,0,0,Female,0- $25K,West,1
13539,11-Mar-18,1594,Diesel,C,1936,1,0,1,0,0,Female,0- $25K,West,1
13540,20-Nov-18,1595,Diesel,C,1331,1,0,0,1,0,Female,0- $25K,West,0
13541,11-Apr-18,1596,Diesel,C,2221,0,0,0,0,1,Female,0- $25K,West,0
13542,11-Feb-18,1597,Diesel,C,1034,0,1,0,0,1,Female,0- $25K,West,0
13543,11-Aug-18,1598,Diesel,C,637,0,0,1,1,0,Female,0- $25K,West,1
13544,11-Oct-18,1599,Diesel,C,1579,1,0,1,1,1,Female,0- $25K,West,0
